SET IDENTITY_INSERT [ApplicationConfiguration] ON
INSERT INTO [ApplicationConfiguration] ([Id], [Key], [Description], [Value], [Datatype]) VALUES (1, N'HR_EMAIL', N'Email addresses of HR for Email Notifications', N'vaibhavi.dighe@cotecna.co.in,Kuldeep.Waingankar@cotecna.co.in,Yamini.Chawla@cotecna.co.in,franco.maliakal@cotecna.co.in,Nina.John@cotecna.co.in', N'string')
INSERT INTO [ApplicationConfiguration] ([Id], [Key], [Description], [Value], [Datatype]) VALUES (2, N'ACCOUNTS_EMAIL', N'Email addresses of Accounts for Email Notifications', N'onkar.bandodkar@cotecna.co.in;Sarika.Kadam@cotecna.co.in,Vanita.Gaddam@cotecna.co.in,lavita.dsilva@cotecna.co.in,Anuja.Nesarikar@cotecna.co.in', N'string')
SET IDENTITY_INSERT [ApplicationConfiguration] OFF

--Roles
INSERT INTO [AspNetRoles] ([Id], [Name], [NormalizedName], [ConcurrencyStamp]) VALUES (N'EMPLOYEE', N'EMPLOYEE', N'EMPLOYEE', NULL)
INSERT INTO [AspNetRoles] ([Id], [Name], [NormalizedName], [ConcurrencyStamp]) VALUES (N'FINANCE', N'FINANCE', N'FINANCE', NULL)
INSERT INTO [AspNetRoles] ([Id], [Name], [NormalizedName], [ConcurrencyStamp]) VALUES (N'FINANCE_MASTER', N'FINANCE_MASTER', N'FINANCE_MASTER', NULL)
INSERT INTO [AspNetRoles] ([Id], [Name], [NormalizedName], [ConcurrencyStamp]) VALUES (N'HR', N'HR', N'HR', NULL)
INSERT INTO [AspNetRoles] ([Id], [Name], [NormalizedName], [ConcurrencyStamp]) VALUES (N'HR_MASTER', N'HR_MASTER', N'HR_MASTER', NULL)
INSERT INTO [AspNetRoles] ([Id], [Name], [NormalizedName], [ConcurrencyStamp]) VALUES (N'LOCATION_COORDINATOR', N'LOCATION_COORDINATOR', N'LOCATION_COORDINATOR', NULL)
INSERT INTO [AspNetRoles] ([Id], [Name], [NormalizedName], [ConcurrencyStamp]) VALUES (N'MANAGER', N'MANAGER', N'MANAGER', NULL)
INSERT INTO [AspNetRoles] ([Id], [Name], [NormalizedName], [ConcurrencyStamp]) VALUES (N'MASTER', N'MASTER', N'MASTER', NULL)
INSERT INTO [AspNetRoles] ([Id], [Name], [NormalizedName], [ConcurrencyStamp]) VALUES (N'TIMESHEET', N'TIMESHEET', N'TIMESHEET', NULL)

--Locations
SET IDENTITY_INSERT [Locations] ON
INSERT INTO [Locations] ([Id], [Name], [Code], [Deactivated]) VALUES (1, N'MUMBAI', N'MH', 0)
INSERT INTO [Locations] ([Id], [Name], [Code], [Deactivated]) VALUES (2, N'KANDLA', N'GJ', 0)
INSERT INTO [Locations] ([Id], [Name], [Code], [Deactivated]) VALUES (3, N'VIZAG', N'AP', 0)
INSERT INTO [Locations] ([Id], [Name], [Code], [Deactivated]) VALUES (4, N'DELHI', N'DL', 0)
INSERT INTO [Locations] ([Id], [Name], [Code], [Deactivated]) VALUES (5, N'CHENNAI', N'TN', 0)
INSERT INTO [Locations] ([Id], [Name], [Code], [Deactivated]) VALUES (6, N'INDORE', N'MP', 0)
INSERT INTO [Locations] ([Id], [Name], [Code], [Deactivated]) VALUES (7, N'BARBIL', N'ODI', 0)
INSERT INTO [Locations] ([Id], [Name], [Code], [Deactivated]) VALUES (8, N'KOLKATA', N'WB', 0)
INSERT INTO [Locations] ([Id], [Name], [Code], [Deactivated]) VALUES (9, N'KRISHNAPATNAM', N'TN', 0)
INSERT INTO [Locations] ([Id], [Name], [Code], [Deactivated]) VALUES (10, N'KAKINADA', N'AP', 0)
SET IDENTITY_INSERT [Locations] OFF

SET IDENTITY_INSERT [LocationWorkHours] ON
INSERT INTO [LocationWorkHours] ([Id], [LocationId], [DayOfWeek], [WorkingHours], [WorkDayType]) VALUES (1, 1, 0, 0, 0)
INSERT INTO [LocationWorkHours] ([Id], [LocationId], [DayOfWeek], [WorkingHours], [WorkDayType]) VALUES (2, 1, 1, 8.75, 1)
INSERT INTO [LocationWorkHours] ([Id], [LocationId], [DayOfWeek], [WorkingHours], [WorkDayType]) VALUES (3, 1, 2, 8.75, 1)
INSERT INTO [LocationWorkHours] ([Id], [LocationId], [DayOfWeek], [WorkingHours], [WorkDayType]) VALUES (4, 1, 3, 8.75, 1)
INSERT INTO [LocationWorkHours] ([Id], [LocationId], [DayOfWeek], [WorkingHours], [WorkDayType]) VALUES (5, 1, 4, 8.75, 1)
INSERT INTO [LocationWorkHours] ([Id], [LocationId], [DayOfWeek], [WorkingHours], [WorkDayType]) VALUES (6, 1, 5, 8.75, 1)
INSERT INTO [LocationWorkHours] ([Id], [LocationId], [DayOfWeek], [WorkingHours], [WorkDayType]) VALUES (7, 1, 6, 0, 0)
INSERT INTO [LocationWorkHours] ([Id], [LocationId], [DayOfWeek], [WorkingHours], [WorkDayType]) VALUES (8, 2, 0, 0, 0)
INSERT INTO [LocationWorkHours] ([Id], [LocationId], [DayOfWeek], [WorkingHours], [WorkDayType]) VALUES (9, 2, 1, 8, 1)
INSERT INTO [LocationWorkHours] ([Id], [LocationId], [DayOfWeek], [WorkingHours], [WorkDayType]) VALUES (10, 2, 2, 8, 1)
INSERT INTO [LocationWorkHours] ([Id], [LocationId], [DayOfWeek], [WorkingHours], [WorkDayType]) VALUES (11, 2, 3, 8, 1)
INSERT INTO [LocationWorkHours] ([Id], [LocationId], [DayOfWeek], [WorkingHours], [WorkDayType]) VALUES (12, 2, 4, 8, 1)
INSERT INTO [LocationWorkHours] ([Id], [LocationId], [DayOfWeek], [WorkingHours], [WorkDayType]) VALUES (13, 2, 5, 8, 1)
INSERT INTO [LocationWorkHours] ([Id], [LocationId], [DayOfWeek], [WorkingHours], [WorkDayType]) VALUES (14, 2, 6, 3.4500000476837158, 2)
INSERT INTO [LocationWorkHours] ([Id], [LocationId], [DayOfWeek], [WorkingHours], [WorkDayType]) VALUES (15, 3, 0, 0, 0)
INSERT INTO [LocationWorkHours] ([Id], [LocationId], [DayOfWeek], [WorkingHours], [WorkDayType]) VALUES (16, 3, 1, 8, 1)
INSERT INTO [LocationWorkHours] ([Id], [LocationId], [DayOfWeek], [WorkingHours], [WorkDayType]) VALUES (17, 3, 2, 8, 1)
INSERT INTO [LocationWorkHours] ([Id], [LocationId], [DayOfWeek], [WorkingHours], [WorkDayType]) VALUES (18, 3, 3, 8, 1)
INSERT INTO [LocationWorkHours] ([Id], [LocationId], [DayOfWeek], [WorkingHours], [WorkDayType]) VALUES (19, 3, 4, 8, 1)
INSERT INTO [LocationWorkHours] ([Id], [LocationId], [DayOfWeek], [WorkingHours], [WorkDayType]) VALUES (20, 3, 5, 8, 1)
INSERT INTO [LocationWorkHours] ([Id], [LocationId], [DayOfWeek], [WorkingHours], [WorkDayType]) VALUES (21, 3, 6, 3.4500000476837158, 2)
INSERT INTO [LocationWorkHours] ([Id], [LocationId], [DayOfWeek], [WorkingHours], [WorkDayType]) VALUES (22, 4, 0, 0, 0)
INSERT INTO [LocationWorkHours] ([Id], [LocationId], [DayOfWeek], [WorkingHours], [WorkDayType]) VALUES (23, 4, 1, 8, 1)
INSERT INTO [LocationWorkHours] ([Id], [LocationId], [DayOfWeek], [WorkingHours], [WorkDayType]) VALUES (24, 4, 2, 8, 1)
INSERT INTO [LocationWorkHours] ([Id], [LocationId], [DayOfWeek], [WorkingHours], [WorkDayType]) VALUES (25, 4, 3, 8, 1)
INSERT INTO [LocationWorkHours] ([Id], [LocationId], [DayOfWeek], [WorkingHours], [WorkDayType]) VALUES (26, 4, 4, 8, 1)
INSERT INTO [LocationWorkHours] ([Id], [LocationId], [DayOfWeek], [WorkingHours], [WorkDayType]) VALUES (27, 4, 5, 8, 1)
INSERT INTO [LocationWorkHours] ([Id], [LocationId], [DayOfWeek], [WorkingHours], [WorkDayType]) VALUES (28, 4, 6, 8, 3)
INSERT INTO [LocationWorkHours] ([Id], [LocationId], [DayOfWeek], [WorkingHours], [WorkDayType]) VALUES (29, 5, 0, 0, 0)
INSERT INTO [LocationWorkHours] ([Id], [LocationId], [DayOfWeek], [WorkingHours], [WorkDayType]) VALUES (30, 5, 1, 8, 1)
INSERT INTO [LocationWorkHours] ([Id], [LocationId], [DayOfWeek], [WorkingHours], [WorkDayType]) VALUES (31, 5, 2, 8, 1)
INSERT INTO [LocationWorkHours] ([Id], [LocationId], [DayOfWeek], [WorkingHours], [WorkDayType]) VALUES (32, 5, 3, 8, 1)
INSERT INTO [LocationWorkHours] ([Id], [LocationId], [DayOfWeek], [WorkingHours], [WorkDayType]) VALUES (33, 5, 4, 8, 1)
INSERT INTO [LocationWorkHours] ([Id], [LocationId], [DayOfWeek], [WorkingHours], [WorkDayType]) VALUES (34, 5, 5, 8, 1)
INSERT INTO [LocationWorkHours] ([Id], [LocationId], [DayOfWeek], [WorkingHours], [WorkDayType]) VALUES (35, 5, 6, 8, 3)
INSERT INTO [LocationWorkHours] ([Id], [LocationId], [DayOfWeek], [WorkingHours], [WorkDayType]) VALUES (36, 6, 0, 0, 0)
INSERT INTO [LocationWorkHours] ([Id], [LocationId], [DayOfWeek], [WorkingHours], [WorkDayType]) VALUES (37, 6, 1, 8, 1)
INSERT INTO [LocationWorkHours] ([Id], [LocationId], [DayOfWeek], [WorkingHours], [WorkDayType]) VALUES (38, 6, 2, 8, 1)
INSERT INTO [LocationWorkHours] ([Id], [LocationId], [DayOfWeek], [WorkingHours], [WorkDayType]) VALUES (39, 6, 3, 8, 1)
INSERT INTO [LocationWorkHours] ([Id], [LocationId], [DayOfWeek], [WorkingHours], [WorkDayType]) VALUES (40, 6, 4, 8, 1)
INSERT INTO [LocationWorkHours] ([Id], [LocationId], [DayOfWeek], [WorkingHours], [WorkDayType]) VALUES (41, 6, 5, 8, 1)
INSERT INTO [LocationWorkHours] ([Id], [LocationId], [DayOfWeek], [WorkingHours], [WorkDayType]) VALUES (42, 6, 6, 3.4500000476837158, 2)
INSERT INTO [LocationWorkHours] ([Id], [LocationId], [DayOfWeek], [WorkingHours], [WorkDayType]) VALUES (43, 7, 0, 0, 0)
INSERT INTO [LocationWorkHours] ([Id], [LocationId], [DayOfWeek], [WorkingHours], [WorkDayType]) VALUES (44, 7, 1, 8, 1)
INSERT INTO [LocationWorkHours] ([Id], [LocationId], [DayOfWeek], [WorkingHours], [WorkDayType]) VALUES (45, 7, 2, 8, 1)
INSERT INTO [LocationWorkHours] ([Id], [LocationId], [DayOfWeek], [WorkingHours], [WorkDayType]) VALUES (46, 7, 3, 8, 1)
INSERT INTO [LocationWorkHours] ([Id], [LocationId], [DayOfWeek], [WorkingHours], [WorkDayType]) VALUES (47, 7, 4, 8, 1)
INSERT INTO [LocationWorkHours] ([Id], [LocationId], [DayOfWeek], [WorkingHours], [WorkDayType]) VALUES (48, 7, 5, 8, 1)
INSERT INTO [LocationWorkHours] ([Id], [LocationId], [DayOfWeek], [WorkingHours], [WorkDayType]) VALUES (49, 7, 6, 3.4500000476837158, 2)
INSERT INTO [LocationWorkHours] ([Id], [LocationId], [DayOfWeek], [WorkingHours], [WorkDayType]) VALUES (50, 8, 0, 0, 0)
INSERT INTO [LocationWorkHours] ([Id], [LocationId], [DayOfWeek], [WorkingHours], [WorkDayType]) VALUES (51, 8, 1, 8, 1)
INSERT INTO [LocationWorkHours] ([Id], [LocationId], [DayOfWeek], [WorkingHours], [WorkDayType]) VALUES (52, 8, 2, 8, 1)
INSERT INTO [LocationWorkHours] ([Id], [LocationId], [DayOfWeek], [WorkingHours], [WorkDayType]) VALUES (53, 8, 3, 8, 1)
INSERT INTO [LocationWorkHours] ([Id], [LocationId], [DayOfWeek], [WorkingHours], [WorkDayType]) VALUES (54, 8, 4, 8, 1)
INSERT INTO [LocationWorkHours] ([Id], [LocationId], [DayOfWeek], [WorkingHours], [WorkDayType]) VALUES (55, 8, 5, 8, 1)
INSERT INTO [LocationWorkHours] ([Id], [LocationId], [DayOfWeek], [WorkingHours], [WorkDayType]) VALUES (56, 8, 6, 8, 3)
INSERT INTO [LocationWorkHours] ([Id], [LocationId], [DayOfWeek], [WorkingHours], [WorkDayType]) VALUES (57, 9, 0, 0, 0)
INSERT INTO [LocationWorkHours] ([Id], [LocationId], [DayOfWeek], [WorkingHours], [WorkDayType]) VALUES (58, 9, 1, 8, 1)
INSERT INTO [LocationWorkHours] ([Id], [LocationId], [DayOfWeek], [WorkingHours], [WorkDayType]) VALUES (59, 9, 2, 8, 1)
INSERT INTO [LocationWorkHours] ([Id], [LocationId], [DayOfWeek], [WorkingHours], [WorkDayType]) VALUES (60, 9, 3, 8, 1)
INSERT INTO [LocationWorkHours] ([Id], [LocationId], [DayOfWeek], [WorkingHours], [WorkDayType]) VALUES (61, 9, 4, 8, 1)
INSERT INTO [LocationWorkHours] ([Id], [LocationId], [DayOfWeek], [WorkingHours], [WorkDayType]) VALUES (62, 9, 5, 8, 1)
INSERT INTO [LocationWorkHours] ([Id], [LocationId], [DayOfWeek], [WorkingHours], [WorkDayType]) VALUES (63, 9, 6, 3.4500000476837158, 2)
INSERT INTO [LocationWorkHours] ([Id], [LocationId], [DayOfWeek], [WorkingHours], [WorkDayType]) VALUES (64, 10, 0, 0, 0)
INSERT INTO [LocationWorkHours] ([Id], [LocationId], [DayOfWeek], [WorkingHours], [WorkDayType]) VALUES (65, 10, 1, 8, 1)
INSERT INTO [LocationWorkHours] ([Id], [LocationId], [DayOfWeek], [WorkingHours], [WorkDayType]) VALUES (66, 10, 2, 8, 1)
INSERT INTO [LocationWorkHours] ([Id], [LocationId], [DayOfWeek], [WorkingHours], [WorkDayType]) VALUES (67, 10, 3, 8, 1)
INSERT INTO [LocationWorkHours] ([Id], [LocationId], [DayOfWeek], [WorkingHours], [WorkDayType]) VALUES (68, 10, 4, 8, 1)
INSERT INTO [LocationWorkHours] ([Id], [LocationId], [DayOfWeek], [WorkingHours], [WorkDayType]) VALUES (69, 10, 5, 8, 1)
INSERT INTO [LocationWorkHours] ([Id], [LocationId], [DayOfWeek], [WorkingHours], [WorkDayType]) VALUES (70, 10, 6, 3.4500000476837158, 2)
SET IDENTITY_INSERT [LocationWorkHours] OFF

SET IDENTITY_INSERT [OvertimeRule] ON
INSERT INTO [OvertimeRule] ([Id], [Name], [OvertimeMultiplier], [Deactivated]) VALUES (1, N'Rule 1', 2, 0)
INSERT INTO [OvertimeRule] ([Id], [Name], [OvertimeMultiplier], [Deactivated]) VALUES (2, N'Rule 2', 1, 0)
SET IDENTITY_INSERT [OvertimeRule] OFF

--Finance--
-----------
SET IDENTITY_INSERT [FinancialYears] ON
INSERT INTO [FinancialYears] ([Id], [Code], [StartDate], [EndDate], [Deactivated]) VALUES (1, N'2020-21', N'2020-04-01 00:00:00', N'2021-03-31 00:00:00', 0)
SET IDENTITY_INSERT [FinancialYears] OFF

--Expense profile for employee This must be uploaded before employees are added hence in organization data.
SET IDENTITY_INSERT [ExpenseProfiles] ON
INSERT INTO [ExpenseProfiles] ([Id], [Name], [Deactivated]) VALUES (1, N'INSPECTOR', 0)
INSERT INTO [ExpenseProfiles] ([Id], [Name], [Deactivated]) VALUES (2, N'STAFF', 0)
INSERT INTO [ExpenseProfiles] ([Id], [Name], [Deactivated]) VALUES (3, N'GENERAL', 0)
SET IDENTITY_INSERT [ExpenseProfiles] OFF

--Approval Limit Profiles
SET IDENTITY_INSERT [ApprovalLimitProfiles] ON
INSERT INTO [ApprovalLimitProfiles] ([Id], [Name], [Approval_Limit], [Deactivated]) VALUES (1, N'Country Head-5L', 500000, 0)
INSERT INTO [ApprovalLimitProfiles] ([Id], [Name], [Approval_Limit], [Deactivated]) VALUES (2, N'Country Head', 100000, 0)
INSERT INTO [ApprovalLimitProfiles] ([Id], [Name], [Approval_Limit], [Deactivated]) VALUES (3, N'Regional Manager', 50000, 0)
INSERT INTO [ApprovalLimitProfiles] ([Id], [Name], [Approval_Limit], [Deactivated]) VALUES (4, N'Reporting Manager', 20000, 0)
INSERT INTO [ApprovalLimitProfiles] ([Id], [Name], [Approval_Limit], [Deactivated]) VALUES (5, N'Employee', 0, 0)
SET IDENTITY_INSERT [ApprovalLimitProfiles] OFF

--Currency
SET IDENTITY_INSERT [Currencies] ON
INSERT INTO [Currencies] ([Id], [Code], [Name], [IsForex], [Deactivated]) VALUES (1, N'₹', N'INR', 0, 0)
INSERT INTO [Currencies] ([Id], [Code], [Name], [IsForex], [Deactivated]) VALUES (2, N'$', N'USD', 1, 0)
INSERT INTO [Currencies] ([Id], [Code], [Name], [IsForex], [Deactivated]) VALUES (3, N'SG$', N'SGD', 1, 0)
INSERT INTO [Currencies] ([Id], [Code], [Name], [IsForex], [Deactivated]) VALUES (4, N'€', N'EUR', 1, 0)
INSERT INTO [Currencies] ([Id], [Code], [Name], [IsForex], [Deactivated]) VALUES (5, N'CHF', N'CHF', 1, 0)
SET IDENTITY_INSERT [Currencies] OFF

--Business Units
SET IDENTITY_INSERT [BusinessUnits] ON
INSERT INTO [BusinessUnits] ("Id", "Name") VALUES (1, 'HR'); 
INSERT INTO [BusinessUnits] ("Id", "Name") VALUES (2, 'Agri'); 
INSERT INTO [BusinessUnits] ("Id", "Name") VALUES (3, 'Minerals'); 
INSERT INTO [BusinessUnits] ("Id", "Name") VALUES (4, 'Finance'); 
INSERT INTO [BusinessUnits] ("Id", "Name") VALUES (5, 'Certification'); 
INSERT INTO [BusinessUnits] ("Id", "Name") VALUES (6, 'VOC'); 
SET IDENTITY_INSERT [BusinessUnits] OFF

--Expense Heads
SET IDENTITY_INSERT [ExpenseHeads] ON
INSERT INTO [ExpenseHeads] ([Id], [AccountNumber], [ExpenseHeadDesc], [Deactivated]) VALUES (1, N'5001100', N'CERTIFICAT.& TRAINING SERVICES', 0)
INSERT INTO [ExpenseHeads] ([Id], [AccountNumber], [ExpenseHeadDesc], [Deactivated]) VALUES (2, N'5003000', N'EXTERNAL LABORATORIES EXPENSES', 0)
INSERT INTO [ExpenseHeads] ([Id], [AccountNumber], [ExpenseHeadDesc], [Deactivated]) VALUES (3, N'5004000', N'INTERNAL LABORATORIES EXPENSES', 0)
INSERT INTO [ExpenseHeads] ([Id], [AccountNumber], [ExpenseHeadDesc], [Deactivated]) VALUES (4, N'5005000', N'CONSUMABLES FOR INSPECTIONS', 0)
INSERT INTO [ExpenseHeads] ([Id], [AccountNumber], [ExpenseHeadDesc], [Deactivated]) VALUES (5, N'5006000', N'FREIGHT & TRANSPORT CHARGES', 0)
INSERT INTO [ExpenseHeads] ([Id], [AccountNumber], [ExpenseHeadDesc], [Deactivated]) VALUES (6, N'5083200', N'INSPECT. PHONE EXPENSES', 0)
INSERT INTO [ExpenseHeads] ([Id], [AccountNumber], [ExpenseHeadDesc], [Deactivated]) VALUES (7, N'5082000', N'INSPECT. TRAVEL EXPENSES', 0)
INSERT INTO [ExpenseHeads] ([Id], [AccountNumber], [ExpenseHeadDesc], [Deactivated]) VALUES (8, N'5082000', N'INSPECT. HOTEL EXPENSES', 0)
INSERT INTO [ExpenseHeads] ([Id], [AccountNumber], [ExpenseHeadDesc], [Deactivated]) VALUES (9, N'5083000', N'INSPECT. OTHER STAFF EXPENSES', 0)
INSERT INTO [ExpenseHeads] ([Id], [AccountNumber], [ExpenseHeadDesc], [Deactivated]) VALUES (10, N'5085000', N'INSPECTOR  TRAVEL MEALS', 0)
INSERT INTO [ExpenseHeads] ([Id], [AccountNumber], [ExpenseHeadDesc], [Deactivated]) VALUES (11, N'5243000', N'OTHER STAFF EXPENSES', 0)
INSERT INTO [ExpenseHeads] ([Id], [AccountNumber], [ExpenseHeadDesc], [Deactivated]) VALUES (12, N'5244000', N'CAFETERIA EXPENSES', 0)
INSERT INTO [ExpenseHeads] ([Id], [AccountNumber], [ExpenseHeadDesc], [Deactivated]) VALUES (13, N'5246000', N'STAFF WELFARE EXPENSE', 0)
INSERT INTO [ExpenseHeads] ([Id], [AccountNumber], [ExpenseHeadDesc], [Deactivated]) VALUES (14, N'5245000', N'Staff Employee Meal Expenses', 0)
INSERT INTO [ExpenseHeads] ([Id], [AccountNumber], [ExpenseHeadDesc], [Deactivated]) VALUES (15, N'5281000', N'Staff Air Fare', 0)
INSERT INTO [ExpenseHeads] ([Id], [AccountNumber], [ExpenseHeadDesc], [Deactivated]) VALUES (16, N'5282000', N'Staff TAXIS FARES', 0)
INSERT INTO [ExpenseHeads] ([Id], [AccountNumber], [ExpenseHeadDesc], [Deactivated]) VALUES (17, N'5283000', N'Staff HOTEL EXPENSES', 0)
INSERT INTO [ExpenseHeads] ([Id], [AccountNumber], [ExpenseHeadDesc], [Deactivated]) VALUES (18, N'5284000', N'Staff OTHER TRAVEL EXPENSES', 0)
INSERT INTO [ExpenseHeads] ([Id], [AccountNumber], [ExpenseHeadDesc], [Deactivated]) VALUES (19, N'5286000', N'Staff TRAVEL MEALS  EXPENSES', 0)
INSERT INTO [ExpenseHeads] ([Id], [AccountNumber], [ExpenseHeadDesc], [Deactivated]) VALUES (20, N'5287000', N'FOREIGN TRAVELLING', 0)
INSERT INTO [ExpenseHeads] ([Id], [AccountNumber], [ExpenseHeadDesc], [Deactivated]) VALUES (21, N'5287200', N'FOREIGN TRAVELLING Air Ticket', 0)
INSERT INTO [ExpenseHeads] ([Id], [AccountNumber], [ExpenseHeadDesc], [Deactivated]) VALUES (22, N'5287300', N'FOREIGN TRAVELLING Hotel', 0)
INSERT INTO [ExpenseHeads] ([Id], [AccountNumber], [ExpenseHeadDesc], [Deactivated]) VALUES (23, N'5292000', N'Office Energy /Electricity/water/Gas', 0)
INSERT INTO [ExpenseHeads] ([Id], [AccountNumber], [ExpenseHeadDesc], [Deactivated]) VALUES (24, N'5293000', N' CARETAKER & OFFICE CLEANING', 0)
INSERT INTO [ExpenseHeads] ([Id], [AccountNumber], [ExpenseHeadDesc], [Deactivated]) VALUES (25, N'5301000', N'Staff Internet Charges', 0)
INSERT INTO [ExpenseHeads] ([Id], [AccountNumber], [ExpenseHeadDesc], [Deactivated]) VALUES (26, N'5302000', N'Staff Mobile Charges', 0)
INSERT INTO [ExpenseHeads] ([Id], [AccountNumber], [ExpenseHeadDesc], [Deactivated]) VALUES (27, N'5303000', N'Staff Fixed Telephone', 0)
INSERT INTO [ExpenseHeads] ([Id], [AccountNumber], [ExpenseHeadDesc], [Deactivated]) VALUES (28, N'5311000', N'Staff Network/Computer ', 0)
INSERT INTO [ExpenseHeads] ([Id], [AccountNumber], [ExpenseHeadDesc], [Deactivated]) VALUES (29, N'5313000', N'Staff Other Consumables/ Office Expenses.', 0)
INSERT INTO [ExpenseHeads] ([Id], [AccountNumber], [ExpenseHeadDesc], [Deactivated]) VALUES (30, N'5314000', N'PRINTING & STATIONARY', 0)
INSERT INTO [ExpenseHeads] ([Id], [AccountNumber], [ExpenseHeadDesc], [Deactivated]) VALUES (31, N'5315000', N'MEMBERSHIP/SUBSCRIPTION', 0)
INSERT INTO [ExpenseHeads] ([Id], [AccountNumber], [ExpenseHeadDesc], [Deactivated]) VALUES (32, N'5323000', N'OTHER REPAIRS / MAINTENANCE', 0)
INSERT INTO [ExpenseHeads] ([Id], [AccountNumber], [ExpenseHeadDesc], [Deactivated]) VALUES (33, N'5507000', N'COMPLIANCE - GIFTS/OTHERS/Donation', 0)
INSERT INTO [ExpenseHeads] ([Id], [AccountNumber], [ExpenseHeadDesc], [Deactivated]) VALUES (34, N'5505000', N'COMPLIANCE - Travel and Accomodation', 0)
SET IDENTITY_INSERT [ExpenseHeads] OFF

--Expense Heads Expense Profile mapping
SET IDENTITY_INSERT [ExpenseHeadExpenseProfileMappings] ON
INSERT INTO [ExpenseHeadExpenseProfileMappings] ([Id], [ExpenseHeadId], [ExpenseProfileId], [Deactivated]) VALUES (1, 1, 1, 0)
INSERT INTO [ExpenseHeadExpenseProfileMappings] ([Id], [ExpenseHeadId], [ExpenseProfileId], [Deactivated]) VALUES (2, 2, 1, 0)
INSERT INTO [ExpenseHeadExpenseProfileMappings] ([Id], [ExpenseHeadId], [ExpenseProfileId], [Deactivated]) VALUES (3, 3, 1, 0)
INSERT INTO [ExpenseHeadExpenseProfileMappings] ([Id], [ExpenseHeadId], [ExpenseProfileId], [Deactivated]) VALUES (4, 4, 1, 0)
INSERT INTO [ExpenseHeadExpenseProfileMappings] ([Id], [ExpenseHeadId], [ExpenseProfileId], [Deactivated]) VALUES (5, 5, 1, 0)
INSERT INTO [ExpenseHeadExpenseProfileMappings] ([Id], [ExpenseHeadId], [ExpenseProfileId], [Deactivated]) VALUES (6, 6, 1, 0)
INSERT INTO [ExpenseHeadExpenseProfileMappings] ([Id], [ExpenseHeadId], [ExpenseProfileId], [Deactivated]) VALUES (7, 7, 1, 0)
INSERT INTO [ExpenseHeadExpenseProfileMappings] ([Id], [ExpenseHeadId], [ExpenseProfileId], [Deactivated]) VALUES (8, 8, 1, 0)
INSERT INTO [ExpenseHeadExpenseProfileMappings] ([Id], [ExpenseHeadId], [ExpenseProfileId], [Deactivated]) VALUES (9, 9, 1, 0)
INSERT INTO [ExpenseHeadExpenseProfileMappings] ([Id], [ExpenseHeadId], [ExpenseProfileId], [Deactivated]) VALUES (10, 10, 1, 0)
INSERT INTO [ExpenseHeadExpenseProfileMappings] ([Id], [ExpenseHeadId], [ExpenseProfileId], [Deactivated]) VALUES (11, 11, 2, 0)
INSERT INTO [ExpenseHeadExpenseProfileMappings] ([Id], [ExpenseHeadId], [ExpenseProfileId], [Deactivated]) VALUES (12, 12, 2, 0)
INSERT INTO [ExpenseHeadExpenseProfileMappings] ([Id], [ExpenseHeadId], [ExpenseProfileId], [Deactivated]) VALUES (13, 13, 2, 0)
INSERT INTO [ExpenseHeadExpenseProfileMappings] ([Id], [ExpenseHeadId], [ExpenseProfileId], [Deactivated]) VALUES (14, 14, 2, 0)
INSERT INTO [ExpenseHeadExpenseProfileMappings] ([Id], [ExpenseHeadId], [ExpenseProfileId], [Deactivated]) VALUES (15, 15, 2, 0)
INSERT INTO [ExpenseHeadExpenseProfileMappings] ([Id], [ExpenseHeadId], [ExpenseProfileId], [Deactivated]) VALUES (16, 16, 2, 0)
INSERT INTO [ExpenseHeadExpenseProfileMappings] ([Id], [ExpenseHeadId], [ExpenseProfileId], [Deactivated]) VALUES (17, 17, 2, 0)
INSERT INTO [ExpenseHeadExpenseProfileMappings] ([Id], [ExpenseHeadId], [ExpenseProfileId], [Deactivated]) VALUES (18, 18, 2, 0)
INSERT INTO [ExpenseHeadExpenseProfileMappings] ([Id], [ExpenseHeadId], [ExpenseProfileId], [Deactivated]) VALUES (19, 19, 2, 0)
INSERT INTO [ExpenseHeadExpenseProfileMappings] ([Id], [ExpenseHeadId], [ExpenseProfileId], [Deactivated]) VALUES (20, 20, 2, 0)
INSERT INTO [ExpenseHeadExpenseProfileMappings] ([Id], [ExpenseHeadId], [ExpenseProfileId], [Deactivated]) VALUES (21, 21, 2, 0)
INSERT INTO [ExpenseHeadExpenseProfileMappings] ([Id], [ExpenseHeadId], [ExpenseProfileId], [Deactivated]) VALUES (22, 22, 2, 0)
INSERT INTO [ExpenseHeadExpenseProfileMappings] ([Id], [ExpenseHeadId], [ExpenseProfileId], [Deactivated]) VALUES (23, 23, 2, 0)
INSERT INTO [ExpenseHeadExpenseProfileMappings] ([Id], [ExpenseHeadId], [ExpenseProfileId], [Deactivated]) VALUES (24, 24, 2, 0)
INSERT INTO [ExpenseHeadExpenseProfileMappings] ([Id], [ExpenseHeadId], [ExpenseProfileId], [Deactivated]) VALUES (25, 25, 2, 0)
INSERT INTO [ExpenseHeadExpenseProfileMappings] ([Id], [ExpenseHeadId], [ExpenseProfileId], [Deactivated]) VALUES (26, 26, 2, 0)
INSERT INTO [ExpenseHeadExpenseProfileMappings] ([Id], [ExpenseHeadId], [ExpenseProfileId], [Deactivated]) VALUES (27, 27, 2, 0)
INSERT INTO [ExpenseHeadExpenseProfileMappings] ([Id], [ExpenseHeadId], [ExpenseProfileId], [Deactivated]) VALUES (28, 28, 2, 0)
INSERT INTO [ExpenseHeadExpenseProfileMappings] ([Id], [ExpenseHeadId], [ExpenseProfileId], [Deactivated]) VALUES (29, 29, 2, 0)
INSERT INTO [ExpenseHeadExpenseProfileMappings] ([Id], [ExpenseHeadId], [ExpenseProfileId], [Deactivated]) VALUES (30, 30, 2, 0)
INSERT INTO [ExpenseHeadExpenseProfileMappings] ([Id], [ExpenseHeadId], [ExpenseProfileId], [Deactivated]) VALUES (31, 31, 2, 0)
INSERT INTO [ExpenseHeadExpenseProfileMappings] ([Id], [ExpenseHeadId], [ExpenseProfileId], [Deactivated]) VALUES (32, 32, 2, 0)
INSERT INTO [ExpenseHeadExpenseProfileMappings] ([Id], [ExpenseHeadId], [ExpenseProfileId], [Deactivated]) VALUES (33, 33, 2, 0)
INSERT INTO [ExpenseHeadExpenseProfileMappings] ([Id], [ExpenseHeadId], [ExpenseProfileId], [Deactivated]) VALUES (34, 34, 2, 0)
INSERT INTO [ExpenseHeadExpenseProfileMappings] ([Id], [ExpenseHeadId], [ExpenseProfileId], [Deactivated]) VALUES (35, 1, 3, 0)
INSERT INTO [ExpenseHeadExpenseProfileMappings] ([Id], [ExpenseHeadId], [ExpenseProfileId], [Deactivated]) VALUES (36, 2, 3, 0)
INSERT INTO [ExpenseHeadExpenseProfileMappings] ([Id], [ExpenseHeadId], [ExpenseProfileId], [Deactivated]) VALUES (37, 3, 3, 0)
INSERT INTO [ExpenseHeadExpenseProfileMappings] ([Id], [ExpenseHeadId], [ExpenseProfileId], [Deactivated]) VALUES (38, 4, 3, 0)
INSERT INTO [ExpenseHeadExpenseProfileMappings] ([Id], [ExpenseHeadId], [ExpenseProfileId], [Deactivated]) VALUES (39, 5, 3, 0)
INSERT INTO [ExpenseHeadExpenseProfileMappings] ([Id], [ExpenseHeadId], [ExpenseProfileId], [Deactivated]) VALUES (40, 6, 3, 0)
INSERT INTO [ExpenseHeadExpenseProfileMappings] ([Id], [ExpenseHeadId], [ExpenseProfileId], [Deactivated]) VALUES (41, 7, 3, 0)
INSERT INTO [ExpenseHeadExpenseProfileMappings] ([Id], [ExpenseHeadId], [ExpenseProfileId], [Deactivated]) VALUES (42, 8, 3, 0)
INSERT INTO [ExpenseHeadExpenseProfileMappings] ([Id], [ExpenseHeadId], [ExpenseProfileId], [Deactivated]) VALUES (43, 9, 3, 0)
INSERT INTO [ExpenseHeadExpenseProfileMappings] ([Id], [ExpenseHeadId], [ExpenseProfileId], [Deactivated]) VALUES (44, 10, 3, 0)
INSERT INTO [ExpenseHeadExpenseProfileMappings] ([Id], [ExpenseHeadId], [ExpenseProfileId], [Deactivated]) VALUES (45, 11, 3, 0)
INSERT INTO [ExpenseHeadExpenseProfileMappings] ([Id], [ExpenseHeadId], [ExpenseProfileId], [Deactivated]) VALUES (46, 12, 3, 0)
INSERT INTO [ExpenseHeadExpenseProfileMappings] ([Id], [ExpenseHeadId], [ExpenseProfileId], [Deactivated]) VALUES (47, 13, 3, 0)
INSERT INTO [ExpenseHeadExpenseProfileMappings] ([Id], [ExpenseHeadId], [ExpenseProfileId], [Deactivated]) VALUES (48, 14, 3, 0)
INSERT INTO [ExpenseHeadExpenseProfileMappings] ([Id], [ExpenseHeadId], [ExpenseProfileId], [Deactivated]) VALUES (49, 15, 3, 0)
INSERT INTO [ExpenseHeadExpenseProfileMappings] ([Id], [ExpenseHeadId], [ExpenseProfileId], [Deactivated]) VALUES (50, 16, 3, 0)
INSERT INTO [ExpenseHeadExpenseProfileMappings] ([Id], [ExpenseHeadId], [ExpenseProfileId], [Deactivated]) VALUES (51, 17, 3, 0)
INSERT INTO [ExpenseHeadExpenseProfileMappings] ([Id], [ExpenseHeadId], [ExpenseProfileId], [Deactivated]) VALUES (52, 18, 3, 0)
INSERT INTO [ExpenseHeadExpenseProfileMappings] ([Id], [ExpenseHeadId], [ExpenseProfileId], [Deactivated]) VALUES (53, 19, 3, 0)
INSERT INTO [ExpenseHeadExpenseProfileMappings] ([Id], [ExpenseHeadId], [ExpenseProfileId], [Deactivated]) VALUES (54, 20, 3, 0)
INSERT INTO [ExpenseHeadExpenseProfileMappings] ([Id], [ExpenseHeadId], [ExpenseProfileId], [Deactivated]) VALUES (55, 21, 3, 0)
INSERT INTO [ExpenseHeadExpenseProfileMappings] ([Id], [ExpenseHeadId], [ExpenseProfileId], [Deactivated]) VALUES (56, 22, 3, 0)
INSERT INTO [ExpenseHeadExpenseProfileMappings] ([Id], [ExpenseHeadId], [ExpenseProfileId], [Deactivated]) VALUES (57, 23, 3, 0)
INSERT INTO [ExpenseHeadExpenseProfileMappings] ([Id], [ExpenseHeadId], [ExpenseProfileId], [Deactivated]) VALUES (58, 24, 3, 0)
INSERT INTO [ExpenseHeadExpenseProfileMappings] ([Id], [ExpenseHeadId], [ExpenseProfileId], [Deactivated]) VALUES (59, 25, 3, 0)
INSERT INTO [ExpenseHeadExpenseProfileMappings] ([Id], [ExpenseHeadId], [ExpenseProfileId], [Deactivated]) VALUES (60, 26, 3, 0)
INSERT INTO [ExpenseHeadExpenseProfileMappings] ([Id], [ExpenseHeadId], [ExpenseProfileId], [Deactivated]) VALUES (61, 27, 3, 0)
INSERT INTO [ExpenseHeadExpenseProfileMappings] ([Id], [ExpenseHeadId], [ExpenseProfileId], [Deactivated]) VALUES (62, 28, 3, 0)
INSERT INTO [ExpenseHeadExpenseProfileMappings] ([Id], [ExpenseHeadId], [ExpenseProfileId], [Deactivated]) VALUES (63, 29, 3, 0)
INSERT INTO [ExpenseHeadExpenseProfileMappings] ([Id], [ExpenseHeadId], [ExpenseProfileId], [Deactivated]) VALUES (64, 30, 3, 0)
INSERT INTO [ExpenseHeadExpenseProfileMappings] ([Id], [ExpenseHeadId], [ExpenseProfileId], [Deactivated]) VALUES (65, 31, 3, 0)
INSERT INTO [ExpenseHeadExpenseProfileMappings] ([Id], [ExpenseHeadId], [ExpenseProfileId], [Deactivated]) VALUES (66, 32, 3, 0)
INSERT INTO [ExpenseHeadExpenseProfileMappings] ([Id], [ExpenseHeadId], [ExpenseProfileId], [Deactivated]) VALUES (67, 33, 3, 0)
INSERT INTO [ExpenseHeadExpenseProfileMappings] ([Id], [ExpenseHeadId], [ExpenseProfileId], [Deactivated]) VALUES (68, 34, 3, 0)
SET IDENTITY_INSERT [ExpenseHeadExpenseProfileMappings] OFF

--Business Activities
SET IDENTITY_INSERT [BusinessActivities] ON
INSERT INTO [BusinessActivities] ([Id], [Name], [Code], [IsVOC], [BusinessUnitid], [Deactivated]) VALUES (1, N'CS Finance Management, Controlling  & Tax', N'AC00410', 0, NULL, 0)
INSERT INTO [BusinessActivities] ([Id], [Name], [Code], [IsVOC], [BusinessUnitid], [Deactivated]) VALUES (2, N'Local Finance', N'AC00413', 0, 4, 0)
INSERT INTO [BusinessActivities] ([Id], [Name], [Code], [IsVOC], [BusinessUnitid], [Deactivated]) VALUES (3, N'CS. Fin. Controller (local OVH)', N'AC00416', 0, NULL, 0)
INSERT INTO [BusinessActivities] ([Id], [Name], [Code], [IsVOC], [BusinessUnitid], [Deactivated]) VALUES (4, N'HR Business Partner', N'AC00417', 0, NULL, 0)
INSERT INTO [BusinessActivities] ([Id], [Name], [Code], [IsVOC], [BusinessUnitid], [Deactivated]) VALUES (5, N'Business analyst SSEA ', N'AC00418', 0, NULL, 0)
INSERT INTO [BusinessActivities] ([Id], [Name], [Code], [IsVOC], [BusinessUnitid], [Deactivated]) VALUES (6, N'CS IT Management, Infrastructure & Operations', N'AC00420', 0, NULL, 0)
INSERT INTO [BusinessActivities] ([Id], [Name], [Code], [IsVOC], [BusinessUnitid], [Deactivated]) VALUES (7, N'CS Telecom & Licences', N'AC00421', 0, NULL, 0)
INSERT INTO [BusinessActivities] ([Id], [Name], [Code], [IsVOC], [BusinessUnitid], [Deactivated]) VALUES (8, N'CS IT Operate & Maintain', N'AC00424', 0, NULL, 0)
INSERT INTO [BusinessActivities] ([Id], [Name], [Code], [IsVOC], [BusinessUnitid], [Deactivated]) VALUES (9, N'CS IT Build & Deliver General', N'AC00425', 0, NULL, 0)
INSERT INTO [BusinessActivities] ([Id], [Name], [Code], [IsVOC], [BusinessUnitid], [Deactivated]) VALUES (10, N'Local IT', N'AC00426', 0, NULL, 0)
INSERT INTO [BusinessActivities] ([Id], [Name], [Code], [IsVOC], [BusinessUnitid], [Deactivated]) VALUES (11, N'CS HR & Communication', N'AC00430', 0, NULL, 0)
INSERT INTO [BusinessActivities] ([Id], [Name], [Code], [IsVOC], [BusinessUnitid], [Deactivated]) VALUES (12, N'Local HR', N'AC00434', 0, NULL, 0)
INSERT INTO [BusinessActivities] ([Id], [Name], [Code], [IsVOC], [BusinessUnitid], [Deactivated]) VALUES (13, N'Local Management', N'AC00441', 0, NULL, 0)
INSERT INTO [BusinessActivities] ([Id], [Name], [Code], [IsVOC], [BusinessUnitid], [Deactivated]) VALUES (14, N'Others GTS', N'AC0104', 0, NULL, 0)
INSERT INTO [BusinessActivities] ([Id], [Name], [Code], [IsVOC], [BusinessUnitid], [Deactivated]) VALUES (15, N'Trade Finance Services - SMA', N'AC02010', 0, NULL, 0)
INSERT INTO [BusinessActivities] ([Id], [Name], [Code], [IsVOC], [BusinessUnitid], [Deactivated]) VALUES (16, N'AGRI - Inspections', N'AC020110', 1, 2, 0)
INSERT INTO [BusinessActivities] ([Id], [Name], [Code], [IsVOC], [BusinessUnitid], [Deactivated]) VALUES (17, N'Consumer', N'AC020111', 1, NULL, 0)
INSERT INTO [BusinessActivities] ([Id], [Name], [Code], [IsVOC], [BusinessUnitid], [Deactivated]) VALUES (18, N'Minerals - Inspections', N'AC020112', 1, 3, 0)
INSERT INTO [BusinessActivities] ([Id], [Name], [Code], [IsVOC], [BusinessUnitid], [Deactivated]) VALUES (19, N'Minerals - Laboratory', N'AC020114', 1, 3, 0)
INSERT INTO [BusinessActivities] ([Id], [Name], [Code], [IsVOC], [BusinessUnitid], [Deactivated]) VALUES (20, N'CQR - Certification', N'AC02022', 0, 5, 0)
INSERT INTO [BusinessActivities] ([Id], [Name], [Code], [IsVOC], [BusinessUnitid], [Deactivated]) VALUES (21, N'Other Business - KSO', N'AC0203', 0, NULL, 0)
INSERT INTO [BusinessActivities] ([Id], [Name], [Code], [IsVOC], [BusinessUnitid], [Deactivated]) VALUES (22, N'AGRI - Laboratory', N'AC0204', 1, 2, 0)
INSERT INTO [BusinessActivities] ([Id], [Name], [Code], [IsVOC], [BusinessUnitid], [Deactivated]) VALUES (23, N'Mumbai pool', N'BA_02', 0, NULL, 0)
INSERT INTO [BusinessActivities] ([Id], [Name], [Code], [IsVOC], [BusinessUnitid], [Deactivated]) VALUES (24, N'Chennai pool', N'BA_03', 0, NULL, 0)
INSERT INTO [BusinessActivities] ([Id], [Name], [Code], [IsVOC], [BusinessUnitid], [Deactivated]) VALUES (25, N'Kandla Pool', N'BA_05', 0, NULL, 0)
INSERT INTO [BusinessActivities] ([Id], [Name], [Code], [IsVOC], [BusinessUnitid], [Deactivated]) VALUES (26, N'Indore Pool', N'BA_06', 0, NULL, 0)
INSERT INTO [BusinessActivities] ([Id], [Name], [Code], [IsVOC], [BusinessUnitid], [Deactivated]) VALUES (27, N'Kakinada pool', N'BA_07', 0, NULL, 0)
INSERT INTO [BusinessActivities] ([Id], [Name], [Code], [IsVOC], [BusinessUnitid], [Deactivated]) VALUES (28, N'Delhi Pool', N'BA_08', 0, NULL, 0)
INSERT INTO [BusinessActivities] ([Id], [Name], [Code], [IsVOC], [BusinessUnitid], [Deactivated]) VALUES (29, N'Kolkata pool', N'BA_09', 0, NULL, 0)
INSERT INTO [BusinessActivities] ([Id], [Name], [Code], [IsVOC], [BusinessUnitid], [Deactivated]) VALUES (30, N'Vizag pool', N'BA_11', 0, NULL, 0)
INSERT INTO [BusinessActivities] ([Id], [Name], [Code], [IsVOC], [BusinessUnitid], [Deactivated]) VALUES (31, N'Orissa pool', N'BA_12', 0, NULL, 0)
INSERT INTO [BusinessActivities] ([Id], [Name], [Code], [IsVOC], [BusinessUnitid], [Deactivated]) VALUES (32, N'CS IT Project and Development GTS VOC', N'OVH_COM002', 0, NULL, 0)
INSERT INTO [BusinessActivities] ([Id], [Name], [Code], [IsVOC], [BusinessUnitid], [Deactivated]) VALUES (33, N'COM Commodities & TFS Mgt', N'OVH_COM004', 0, NULL, 0)
INSERT INTO [BusinessActivities] ([Id], [Name], [Code], [IsVOC], [BusinessUnitid], [Deactivated]) VALUES (34, N'CS IT Project and Development Commercial', N'OVH_COM005', 0, NULL, 0)
INSERT INTO [BusinessActivities] ([Id], [Name], [Code], [IsVOC], [BusinessUnitid], [Deactivated]) VALUES (35, N'COM Commodities Agri Products', N'OVH_COM006', 0, NULL, 0)
INSERT INTO [BusinessActivities] ([Id], [Name], [Code], [IsVOC], [BusinessUnitid], [Deactivated]) VALUES (36, N'CS IT Product', N'OVH_COM009', 0, NULL, 0)
INSERT INTO [BusinessActivities] ([Id], [Name], [Code], [IsVOC], [BusinessUnitid], [Deactivated]) VALUES (37, N'CS IT Product-Global', N'OVH_COM009_GLOBAL', 0, NULL, 0)
INSERT INTO [BusinessActivities] ([Id], [Name], [Code], [IsVOC], [BusinessUnitid], [Deactivated]) VALUES (38, N'OVH Commercial Cluster Management South East Asia', N'OVH_COM011', 0, NULL, 0)
INSERT INTO [BusinessActivities] ([Id], [Name], [Code], [IsVOC], [BusinessUnitid], [Deactivated]) VALUES (39, N'COM General Costs (M&A)', N'OVH_COM012', 0, NULL, 0)
INSERT INTO [BusinessActivities] ([Id], [Name], [Code], [IsVOC], [BusinessUnitid], [Deactivated]) VALUES (40, N'OVH Commercial General Management', N'OVH_COM013', 0, NULL, 0)
INSERT INTO [BusinessActivities] ([Id], [Name], [Code], [IsVOC], [BusinessUnitid], [Deactivated]) VALUES (41, N'CS IT Project and Development LIMS', N'OVH_COM015', 0, NULL, 0)
INSERT INTO [BusinessActivities] ([Id], [Name], [Code], [IsVOC], [BusinessUnitid], [Deactivated]) VALUES (42, N'COM Food Mgt', N'OVH_COM016', 0, NULL, 0)
SET IDENTITY_INSERT [BusinessActivities] OFF

--Customer market
SET IDENTITY_INSERT [CustomerMarkets] ON
INSERT INTO [CustomerMarkets] ([Id], [Name], [Code], [LocationId], [IsVOC], [Deactivated]) VALUES (1, N'CHENNAI', N'IND01', 5, 0, 0)
INSERT INTO [CustomerMarkets] ([Id], [Name], [Code], [LocationId], [IsVOC], [Deactivated]) VALUES (2, N'INDORE', N'IND02', 6, 0, 0)
INSERT INTO [CustomerMarkets] ([Id], [Name], [Code], [LocationId], [IsVOC], [Deactivated]) VALUES (3, N'KANDLA', N'IND04', 2, 0, 0)
INSERT INTO [CustomerMarkets] ([Id], [Name], [Code], [LocationId], [IsVOC], [Deactivated]) VALUES (4, N'KAKINADA', N'IND05', 10, 0, 0)
INSERT INTO [CustomerMarkets] ([Id], [Name], [Code], [LocationId], [IsVOC], [Deactivated]) VALUES (5, N'DELHI', N'IND06', 4, 0, 0)
INSERT INTO [CustomerMarkets] ([Id], [Name], [Code], [LocationId], [IsVOC], [Deactivated]) VALUES (6, N'MUMBAI', N'IND07', 1, 0, 0)
INSERT INTO [CustomerMarkets] ([Id], [Name], [Code], [LocationId], [IsVOC], [Deactivated]) VALUES (7, N'KOLKATA', N'IND11', 8, 0, 0)
INSERT INTO [CustomerMarkets] ([Id], [Name], [Code], [LocationId], [IsVOC], [Deactivated]) VALUES (8, N'ORISSA', N'IND13', 7, 0, 0)
INSERT INTO [CustomerMarkets] ([Id], [Name], [Code], [LocationId], [IsVOC], [Deactivated]) VALUES (9, N'VIZAG', N'IND14', 3, 0, 0)
INSERT INTO [CustomerMarkets] ([Id], [Name], [Code], [LocationId], [IsVOC], [Deactivated]) VALUES (10, N'NON ALLOCATED', N'NO_ALLOC', NULL, 0, 0)
INSERT INTO [CustomerMarkets] ([Id], [Name], [Code], [LocationId], [IsVOC], [Deactivated]) VALUES (11, N'CUBA', N'CUB', NULL, 0, 0)
INSERT INTO [CustomerMarkets] ([Id], [Name], [Code], [LocationId], [IsVOC], [Deactivated]) VALUES (12, N'INDONESIA', N'IDN', NULL, 0, 0)
INSERT INTO [CustomerMarkets] ([Id], [Name], [Code], [LocationId], [IsVOC], [Deactivated]) VALUES (13, N'ISIRI-CHENNAI', N'ISIRI-CHE', 5, 1, 0)
INSERT INTO [CustomerMarkets] ([Id], [Name], [Code], [LocationId], [IsVOC], [Deactivated]) VALUES (14, N'ISIRI-DELHI', N'ISIRI-DEL', 4, 1, 0)
INSERT INTO [CustomerMarkets] ([Id], [Name], [Code], [LocationId], [IsVOC], [Deactivated]) VALUES (15, N'ISIRI-INDORE', N'ISIRI-IND', 6, 1, 0)
INSERT INTO [CustomerMarkets] ([Id], [Name], [Code], [LocationId], [IsVOC], [Deactivated]) VALUES (16, N'ISIRI-KAKINADA', N'ISIRI-KAK', 10, 1, 0)
INSERT INTO [CustomerMarkets] ([Id], [Name], [Code], [LocationId], [IsVOC], [Deactivated]) VALUES (17, N'ISIRI-KANDLA', N'ISIRI-KAN', 2, 1, 0)
INSERT INTO [CustomerMarkets] ([Id], [Name], [Code], [LocationId], [IsVOC], [Deactivated]) VALUES (18, N'ISIRI-KOLKATA', N'ISIRI-KOL', 8, 1, 0)
INSERT INTO [CustomerMarkets] ([Id], [Name], [Code], [LocationId], [IsVOC], [Deactivated]) VALUES (19, N'ISIRI-MUMBAI', N'ISIRI-MUM', 1, 1, 0)
INSERT INTO [CustomerMarkets] ([Id], [Name], [Code], [LocationId], [IsVOC], [Deactivated]) VALUES (20, N'ISIRI-VIZAG', N'ISIRI-VZG', 3, 1, 0)
INSERT INTO [CustomerMarkets] ([Id], [Name], [Code], [LocationId], [IsVOC], [Deactivated]) VALUES (21, N'IVORY COAST VOC CHENNAI ', N'CIV_CNI', 5, 1, 0)
INSERT INTO [CustomerMarkets] ([Id], [Name], [Code], [LocationId], [IsVOC], [Deactivated]) VALUES (22, N'EGYPT VOC CHENNAI', N'EGY_CHE', 5, 1, 0)
INSERT INTO [CustomerMarkets] ([Id], [Name], [Code], [LocationId], [IsVOC], [Deactivated]) VALUES (23, N'NIGERIA VOC CHENNAI', N'NGA_CHE', 5, 1, 0)
INSERT INTO [CustomerMarkets] ([Id], [Name], [Code], [LocationId], [IsVOC], [Deactivated]) VALUES (24, N'SUDAN-CHENNAI', N'SDN_CHE', 5, 1, 0)
INSERT INTO [CustomerMarkets] ([Id], [Name], [Code], [LocationId], [IsVOC], [Deactivated]) VALUES (25, N'IVORY COAST VOC DELHI', N'CIV_DEL', 4, 1, 0)
INSERT INTO [CustomerMarkets] ([Id], [Name], [Code], [LocationId], [IsVOC], [Deactivated]) VALUES (26, N'EGYPT VOC DELHI', N'EGY-DEL', 4, 1, 0)
INSERT INTO [CustomerMarkets] ([Id], [Name], [Code], [LocationId], [IsVOC], [Deactivated]) VALUES (27, N'ETHIOPIA VOC DELHI', N'ETH_DEL', 4, 1, 0)
INSERT INTO [CustomerMarkets] ([Id], [Name], [Code], [LocationId], [IsVOC], [Deactivated]) VALUES (28, N'NIGERIA VOC DELHI', N'NGA_DEL', 4, 1, 0)
INSERT INTO [CustomerMarkets] ([Id], [Name], [Code], [LocationId], [IsVOC], [Deactivated]) VALUES (29, N'SUDAN-DELHI', N'SDN_DEL', 4, 1, 0)
INSERT INTO [CustomerMarkets] ([Id], [Name], [Code], [LocationId], [IsVOC], [Deactivated]) VALUES (30, N'IVORY  COAST VOC INDORE ', N'CIV_IDR', 6, 1, 0)
INSERT INTO [CustomerMarkets] ([Id], [Name], [Code], [LocationId], [IsVOC], [Deactivated]) VALUES (31, N'NIGERIA VOC INDORE', N'NGA_IND', 6, 1, 0)
INSERT INTO [CustomerMarkets] ([Id], [Name], [Code], [LocationId], [IsVOC], [Deactivated]) VALUES (32, N'SUDAN-INDORE', N'SDN_IND', 6, 1, 0)
INSERT INTO [CustomerMarkets] ([Id], [Name], [Code], [LocationId], [IsVOC], [Deactivated]) VALUES (33, N'EGYPT VOC KAKINADA', N'EGY_KAK', 10, 1, 0)
INSERT INTO [CustomerMarkets] ([Id], [Name], [Code], [LocationId], [IsVOC], [Deactivated]) VALUES (34, N'NIGERIA VOC KAKINADA', N'NGA_KAK', 10, 1, 0)
INSERT INTO [CustomerMarkets] ([Id], [Name], [Code], [LocationId], [IsVOC], [Deactivated]) VALUES (35, N'SUDAN-KAKINADA', N'SDN_KAK', 10, 1, 0)
INSERT INTO [CustomerMarkets] ([Id], [Name], [Code], [LocationId], [IsVOC], [Deactivated]) VALUES (36, N'IVORY COAST VOC KANDLA', N'CIV_KAN', 2, 1, 0)
INSERT INTO [CustomerMarkets] ([Id], [Name], [Code], [LocationId], [IsVOC], [Deactivated]) VALUES (37, N'EGYPT VOC KANDLA', N'EGY_KAN', 2, 1, 0)
INSERT INTO [CustomerMarkets] ([Id], [Name], [Code], [LocationId], [IsVOC], [Deactivated]) VALUES (38, N'ETHIOPIA VOC KANDLA', N'ETH_KAN', 2, 1, 0)
INSERT INTO [CustomerMarkets] ([Id], [Name], [Code], [LocationId], [IsVOC], [Deactivated]) VALUES (39, N'NIGERIA VOC KANDLA', N'NGA_KAN', 2, 1, 0)
INSERT INTO [CustomerMarkets] ([Id], [Name], [Code], [LocationId], [IsVOC], [Deactivated]) VALUES (40, N'SAUDI ARABIA VOC KANDLA', N'SAU_KAN', 2, 1, 0)
INSERT INTO [CustomerMarkets] ([Id], [Name], [Code], [LocationId], [IsVOC], [Deactivated]) VALUES (41, N'SUDAN-KANDLA', N'SDN_KAN', 2, 1, 0)
INSERT INTO [CustomerMarkets] ([Id], [Name], [Code], [LocationId], [IsVOC], [Deactivated]) VALUES (42, N'IVORY COAST VOC KOLKATA', N'CIV_KOL', 8, 1, 0)
INSERT INTO [CustomerMarkets] ([Id], [Name], [Code], [LocationId], [IsVOC], [Deactivated]) VALUES (43, N'ETHIOPIA VOC KOLKATA', N'ETH-KOL', 8, 1, 0)
INSERT INTO [CustomerMarkets] ([Id], [Name], [Code], [LocationId], [IsVOC], [Deactivated]) VALUES (44, N'LIBYA VOC-KOLKATA', N'LBY_KOL', 8, 1, 0)
INSERT INTO [CustomerMarkets] ([Id], [Name], [Code], [LocationId], [IsVOC], [Deactivated]) VALUES (45, N'NIGERIA VOC KOLKATA', N'NGA_KOL', 8, 1, 0)
INSERT INTO [CustomerMarkets] ([Id], [Name], [Code], [LocationId], [IsVOC], [Deactivated]) VALUES (46, N'SUDAN-KOLKATA', N'SDN_KOL', 8, 1, 0)
INSERT INTO [CustomerMarkets] ([Id], [Name], [Code], [LocationId], [IsVOC], [Deactivated]) VALUES (47, N'IVORY COAST VOC', N'CIV_VOC', 1, 1, 0)
INSERT INTO [CustomerMarkets] ([Id], [Name], [Code], [LocationId], [IsVOC], [Deactivated]) VALUES (48, N'ECUADOR VOC', N'ECU_VOC', 1, 1, 0)
INSERT INTO [CustomerMarkets] ([Id], [Name], [Code], [LocationId], [IsVOC], [Deactivated]) VALUES (49, N'EGYPT VOC MUMBAI', N'EGY_MUM', 1, 1, 0)
INSERT INTO [CustomerMarkets] ([Id], [Name], [Code], [LocationId], [IsVOC], [Deactivated]) VALUES (50, N'EGYPT VOC', N'EGY_VOC', 1, 1, 0)
INSERT INTO [CustomerMarkets] ([Id], [Name], [Code], [LocationId], [IsVOC], [Deactivated]) VALUES (51, N'ETHIOPIA VOC MUMBAI', N'ETH_VOC', 1, 1, 0)
INSERT INTO [CustomerMarkets] ([Id], [Name], [Code], [LocationId], [IsVOC], [Deactivated]) VALUES (52, N'LIBYA VOC-MUMBAI', N'LBY_VOC', 1, 1, 0)
INSERT INTO [CustomerMarkets] ([Id], [Name], [Code], [LocationId], [IsVOC], [Deactivated]) VALUES (53, N'NIGERIA VOC MUMBAI', N'NGA_VOC', 1, 1, 0)
INSERT INTO [CustomerMarkets] ([Id], [Name], [Code], [LocationId], [IsVOC], [Deactivated]) VALUES (54, N'SAUDI ARABIA VOC MUMBAI', N'SAU_SASO_VOC', 1, 1, 0)
INSERT INTO [CustomerMarkets] ([Id], [Name], [Code], [LocationId], [IsVOC], [Deactivated]) VALUES (55, N'SUDAN-MUMBAI', N'SDN_MUM', 1, 1, 0)
INSERT INTO [CustomerMarkets] ([Id], [Name], [Code], [LocationId], [IsVOC], [Deactivated]) VALUES (56, N'SUDAN VOC', N'SDN_VOC', 1, 1, 0)
INSERT INTO [CustomerMarkets] ([Id], [Name], [Code], [LocationId], [IsVOC], [Deactivated]) VALUES (57, N'IVORY COAST VIZAG', N'CIV_VZG', 3, 1, 0)
INSERT INTO [CustomerMarkets] ([Id], [Name], [Code], [LocationId], [IsVOC], [Deactivated]) VALUES (58, N'LIBYA VOC-VIZAG', N'LBY_VZG', 3, 1, 0)
INSERT INTO [CustomerMarkets] ([Id], [Name], [Code], [LocationId], [IsVOC], [Deactivated]) VALUES (59, N'NIGERIA VOC VIZAG', N'NGA_VZG', 3, 1, 0)
INSERT INTO [CustomerMarkets] ([Id], [Name], [Code], [LocationId], [IsVOC], [Deactivated]) VALUES (60, N'SUDAN-VIZAG', N'SDN_VZG', 3, 1, 0)
SET IDENTITY_INSERT [CustomerMarkets] OFF

--BusinessActivityCustomerMarketMapping
SET IDENTITY_INSERT [BusinessActivityCustomerMarketMapping] ON
INSERT INTO [BusinessActivityCustomerMarketMapping] ([Id], [BusinessActivityId], [CustomerMarketId], [Deactivated]) VALUES (1, 1, 10, 0)
INSERT INTO [BusinessActivityCustomerMarketMapping] ([Id], [BusinessActivityId], [CustomerMarketId], [Deactivated]) VALUES (2, 2, 10, 0)
INSERT INTO [BusinessActivityCustomerMarketMapping] ([Id], [BusinessActivityId], [CustomerMarketId], [Deactivated]) VALUES (3, 3, 10, 0)
INSERT INTO [BusinessActivityCustomerMarketMapping] ([Id], [BusinessActivityId], [CustomerMarketId], [Deactivated]) VALUES (4, 4, 10, 0)
INSERT INTO [BusinessActivityCustomerMarketMapping] ([Id], [BusinessActivityId], [CustomerMarketId], [Deactivated]) VALUES (5, 5, 10, 0)
INSERT INTO [BusinessActivityCustomerMarketMapping] ([Id], [BusinessActivityId], [CustomerMarketId], [Deactivated]) VALUES (6, 6, 10, 0)
INSERT INTO [BusinessActivityCustomerMarketMapping] ([Id], [BusinessActivityId], [CustomerMarketId], [Deactivated]) VALUES (7, 7, 10, 0)
INSERT INTO [BusinessActivityCustomerMarketMapping] ([Id], [BusinessActivityId], [CustomerMarketId], [Deactivated]) VALUES (8, 8, 10, 0)
INSERT INTO [BusinessActivityCustomerMarketMapping] ([Id], [BusinessActivityId], [CustomerMarketId], [Deactivated]) VALUES (9, 9, 10, 0)
INSERT INTO [BusinessActivityCustomerMarketMapping] ([Id], [BusinessActivityId], [CustomerMarketId], [Deactivated]) VALUES (10, 10, 10, 0)
INSERT INTO [BusinessActivityCustomerMarketMapping] ([Id], [BusinessActivityId], [CustomerMarketId], [Deactivated]) VALUES (11, 11, 10, 0)
INSERT INTO [BusinessActivityCustomerMarketMapping] ([Id], [BusinessActivityId], [CustomerMarketId], [Deactivated]) VALUES (12, 12, 10, 0)
INSERT INTO [BusinessActivityCustomerMarketMapping] ([Id], [BusinessActivityId], [CustomerMarketId], [Deactivated]) VALUES (13, 13, 10, 0)
INSERT INTO [BusinessActivityCustomerMarketMapping] ([Id], [BusinessActivityId], [CustomerMarketId], [Deactivated]) VALUES (14, 14, 1, 0)
INSERT INTO [BusinessActivityCustomerMarketMapping] ([Id], [BusinessActivityId], [CustomerMarketId], [Deactivated]) VALUES (15, 14, 2, 0)
INSERT INTO [BusinessActivityCustomerMarketMapping] ([Id], [BusinessActivityId], [CustomerMarketId], [Deactivated]) VALUES (16, 14, 3, 0)
INSERT INTO [BusinessActivityCustomerMarketMapping] ([Id], [BusinessActivityId], [CustomerMarketId], [Deactivated]) VALUES (17, 14, 4, 0)
INSERT INTO [BusinessActivityCustomerMarketMapping] ([Id], [BusinessActivityId], [CustomerMarketId], [Deactivated]) VALUES (18, 14, 5, 0)
INSERT INTO [BusinessActivityCustomerMarketMapping] ([Id], [BusinessActivityId], [CustomerMarketId], [Deactivated]) VALUES (19, 14, 6, 0)
INSERT INTO [BusinessActivityCustomerMarketMapping] ([Id], [BusinessActivityId], [CustomerMarketId], [Deactivated]) VALUES (20, 14, 7, 0)
INSERT INTO [BusinessActivityCustomerMarketMapping] ([Id], [BusinessActivityId], [CustomerMarketId], [Deactivated]) VALUES (21, 14, 8, 0)
INSERT INTO [BusinessActivityCustomerMarketMapping] ([Id], [BusinessActivityId], [CustomerMarketId], [Deactivated]) VALUES (22, 14, 9, 0)
INSERT INTO [BusinessActivityCustomerMarketMapping] ([Id], [BusinessActivityId], [CustomerMarketId], [Deactivated]) VALUES (23, 14, 11, 0)
INSERT INTO [BusinessActivityCustomerMarketMapping] ([Id], [BusinessActivityId], [CustomerMarketId], [Deactivated]) VALUES (24, 14, 12, 0)
INSERT INTO [BusinessActivityCustomerMarketMapping] ([Id], [BusinessActivityId], [CustomerMarketId], [Deactivated]) VALUES (25, 14, 13, 0)
INSERT INTO [BusinessActivityCustomerMarketMapping] ([Id], [BusinessActivityId], [CustomerMarketId], [Deactivated]) VALUES (26, 14, 14, 0)
INSERT INTO [BusinessActivityCustomerMarketMapping] ([Id], [BusinessActivityId], [CustomerMarketId], [Deactivated]) VALUES (27, 14, 15, 0)
INSERT INTO [BusinessActivityCustomerMarketMapping] ([Id], [BusinessActivityId], [CustomerMarketId], [Deactivated]) VALUES (28, 14, 16, 0)
INSERT INTO [BusinessActivityCustomerMarketMapping] ([Id], [BusinessActivityId], [CustomerMarketId], [Deactivated]) VALUES (29, 14, 17, 0)
INSERT INTO [BusinessActivityCustomerMarketMapping] ([Id], [BusinessActivityId], [CustomerMarketId], [Deactivated]) VALUES (30, 14, 18, 0)
INSERT INTO [BusinessActivityCustomerMarketMapping] ([Id], [BusinessActivityId], [CustomerMarketId], [Deactivated]) VALUES (31, 14, 19, 0)
INSERT INTO [BusinessActivityCustomerMarketMapping] ([Id], [BusinessActivityId], [CustomerMarketId], [Deactivated]) VALUES (32, 14, 20, 0)
INSERT INTO [BusinessActivityCustomerMarketMapping] ([Id], [BusinessActivityId], [CustomerMarketId], [Deactivated]) VALUES (33, 14, 21, 0)
INSERT INTO [BusinessActivityCustomerMarketMapping] ([Id], [BusinessActivityId], [CustomerMarketId], [Deactivated]) VALUES (34, 14, 22, 0)
INSERT INTO [BusinessActivityCustomerMarketMapping] ([Id], [BusinessActivityId], [CustomerMarketId], [Deactivated]) VALUES (35, 14, 23, 0)
INSERT INTO [BusinessActivityCustomerMarketMapping] ([Id], [BusinessActivityId], [CustomerMarketId], [Deactivated]) VALUES (36, 14, 24, 0)
INSERT INTO [BusinessActivityCustomerMarketMapping] ([Id], [BusinessActivityId], [CustomerMarketId], [Deactivated]) VALUES (37, 14, 25, 0)
INSERT INTO [BusinessActivityCustomerMarketMapping] ([Id], [BusinessActivityId], [CustomerMarketId], [Deactivated]) VALUES (38, 14, 26, 0)
INSERT INTO [BusinessActivityCustomerMarketMapping] ([Id], [BusinessActivityId], [CustomerMarketId], [Deactivated]) VALUES (39, 14, 27, 0)
INSERT INTO [BusinessActivityCustomerMarketMapping] ([Id], [BusinessActivityId], [CustomerMarketId], [Deactivated]) VALUES (40, 14, 28, 0)
INSERT INTO [BusinessActivityCustomerMarketMapping] ([Id], [BusinessActivityId], [CustomerMarketId], [Deactivated]) VALUES (41, 14, 29, 0)
INSERT INTO [BusinessActivityCustomerMarketMapping] ([Id], [BusinessActivityId], [CustomerMarketId], [Deactivated]) VALUES (42, 14, 30, 0)
INSERT INTO [BusinessActivityCustomerMarketMapping] ([Id], [BusinessActivityId], [CustomerMarketId], [Deactivated]) VALUES (43, 14, 31, 0)
INSERT INTO [BusinessActivityCustomerMarketMapping] ([Id], [BusinessActivityId], [CustomerMarketId], [Deactivated]) VALUES (44, 14, 32, 0)
INSERT INTO [BusinessActivityCustomerMarketMapping] ([Id], [BusinessActivityId], [CustomerMarketId], [Deactivated]) VALUES (45, 14, 33, 0)
INSERT INTO [BusinessActivityCustomerMarketMapping] ([Id], [BusinessActivityId], [CustomerMarketId], [Deactivated]) VALUES (46, 14, 34, 0)
INSERT INTO [BusinessActivityCustomerMarketMapping] ([Id], [BusinessActivityId], [CustomerMarketId], [Deactivated]) VALUES (47, 14, 35, 0)
INSERT INTO [BusinessActivityCustomerMarketMapping] ([Id], [BusinessActivityId], [CustomerMarketId], [Deactivated]) VALUES (48, 14, 36, 0)
INSERT INTO [BusinessActivityCustomerMarketMapping] ([Id], [BusinessActivityId], [CustomerMarketId], [Deactivated]) VALUES (49, 14, 37, 0)
INSERT INTO [BusinessActivityCustomerMarketMapping] ([Id], [BusinessActivityId], [CustomerMarketId], [Deactivated]) VALUES (50, 14, 38, 0)
INSERT INTO [BusinessActivityCustomerMarketMapping] ([Id], [BusinessActivityId], [CustomerMarketId], [Deactivated]) VALUES (51, 14, 39, 0)
INSERT INTO [BusinessActivityCustomerMarketMapping] ([Id], [BusinessActivityId], [CustomerMarketId], [Deactivated]) VALUES (52, 14, 40, 0)
INSERT INTO [BusinessActivityCustomerMarketMapping] ([Id], [BusinessActivityId], [CustomerMarketId], [Deactivated]) VALUES (53, 14, 41, 0)
INSERT INTO [BusinessActivityCustomerMarketMapping] ([Id], [BusinessActivityId], [CustomerMarketId], [Deactivated]) VALUES (54, 14, 42, 0)
INSERT INTO [BusinessActivityCustomerMarketMapping] ([Id], [BusinessActivityId], [CustomerMarketId], [Deactivated]) VALUES (55, 14, 43, 0)
INSERT INTO [BusinessActivityCustomerMarketMapping] ([Id], [BusinessActivityId], [CustomerMarketId], [Deactivated]) VALUES (56, 14, 44, 0)
INSERT INTO [BusinessActivityCustomerMarketMapping] ([Id], [BusinessActivityId], [CustomerMarketId], [Deactivated]) VALUES (57, 14, 45, 0)
INSERT INTO [BusinessActivityCustomerMarketMapping] ([Id], [BusinessActivityId], [CustomerMarketId], [Deactivated]) VALUES (58, 14, 46, 0)
INSERT INTO [BusinessActivityCustomerMarketMapping] ([Id], [BusinessActivityId], [CustomerMarketId], [Deactivated]) VALUES (59, 14, 47, 0)
INSERT INTO [BusinessActivityCustomerMarketMapping] ([Id], [BusinessActivityId], [CustomerMarketId], [Deactivated]) VALUES (60, 14, 48, 0)
INSERT INTO [BusinessActivityCustomerMarketMapping] ([Id], [BusinessActivityId], [CustomerMarketId], [Deactivated]) VALUES (61, 14, 49, 0)
INSERT INTO [BusinessActivityCustomerMarketMapping] ([Id], [BusinessActivityId], [CustomerMarketId], [Deactivated]) VALUES (62, 14, 50, 0)
INSERT INTO [BusinessActivityCustomerMarketMapping] ([Id], [BusinessActivityId], [CustomerMarketId], [Deactivated]) VALUES (63, 14, 51, 0)
INSERT INTO [BusinessActivityCustomerMarketMapping] ([Id], [BusinessActivityId], [CustomerMarketId], [Deactivated]) VALUES (64, 14, 52, 0)
INSERT INTO [BusinessActivityCustomerMarketMapping] ([Id], [BusinessActivityId], [CustomerMarketId], [Deactivated]) VALUES (65, 14, 53, 0)
INSERT INTO [BusinessActivityCustomerMarketMapping] ([Id], [BusinessActivityId], [CustomerMarketId], [Deactivated]) VALUES (66, 14, 54, 0)
INSERT INTO [BusinessActivityCustomerMarketMapping] ([Id], [BusinessActivityId], [CustomerMarketId], [Deactivated]) VALUES (67, 14, 55, 0)
INSERT INTO [BusinessActivityCustomerMarketMapping] ([Id], [BusinessActivityId], [CustomerMarketId], [Deactivated]) VALUES (68, 14, 56, 0)
INSERT INTO [BusinessActivityCustomerMarketMapping] ([Id], [BusinessActivityId], [CustomerMarketId], [Deactivated]) VALUES (69, 14, 57, 0)
INSERT INTO [BusinessActivityCustomerMarketMapping] ([Id], [BusinessActivityId], [CustomerMarketId], [Deactivated]) VALUES (70, 14, 58, 0)
INSERT INTO [BusinessActivityCustomerMarketMapping] ([Id], [BusinessActivityId], [CustomerMarketId], [Deactivated]) VALUES (71, 14, 59, 0)
INSERT INTO [BusinessActivityCustomerMarketMapping] ([Id], [BusinessActivityId], [CustomerMarketId], [Deactivated]) VALUES (72, 14, 60, 0)
INSERT INTO [BusinessActivityCustomerMarketMapping] ([Id], [BusinessActivityId], [CustomerMarketId], [Deactivated]) VALUES (73, 15, 1, 0)
INSERT INTO [BusinessActivityCustomerMarketMapping] ([Id], [BusinessActivityId], [CustomerMarketId], [Deactivated]) VALUES (74, 15, 2, 0)
INSERT INTO [BusinessActivityCustomerMarketMapping] ([Id], [BusinessActivityId], [CustomerMarketId], [Deactivated]) VALUES (75, 15, 3, 0)
INSERT INTO [BusinessActivityCustomerMarketMapping] ([Id], [BusinessActivityId], [CustomerMarketId], [Deactivated]) VALUES (76, 15, 4, 0)
INSERT INTO [BusinessActivityCustomerMarketMapping] ([Id], [BusinessActivityId], [CustomerMarketId], [Deactivated]) VALUES (77, 15, 5, 0)
INSERT INTO [BusinessActivityCustomerMarketMapping] ([Id], [BusinessActivityId], [CustomerMarketId], [Deactivated]) VALUES (78, 15, 6, 0)
INSERT INTO [BusinessActivityCustomerMarketMapping] ([Id], [BusinessActivityId], [CustomerMarketId], [Deactivated]) VALUES (79, 15, 7, 0)
INSERT INTO [BusinessActivityCustomerMarketMapping] ([Id], [BusinessActivityId], [CustomerMarketId], [Deactivated]) VALUES (80, 15, 8, 0)
INSERT INTO [BusinessActivityCustomerMarketMapping] ([Id], [BusinessActivityId], [CustomerMarketId], [Deactivated]) VALUES (81, 15, 9, 0)
INSERT INTO [BusinessActivityCustomerMarketMapping] ([Id], [BusinessActivityId], [CustomerMarketId], [Deactivated]) VALUES (82, 15, 11, 0)
INSERT INTO [BusinessActivityCustomerMarketMapping] ([Id], [BusinessActivityId], [CustomerMarketId], [Deactivated]) VALUES (83, 15, 12, 0)
INSERT INTO [BusinessActivityCustomerMarketMapping] ([Id], [BusinessActivityId], [CustomerMarketId], [Deactivated]) VALUES (84, 15, 13, 0)
INSERT INTO [BusinessActivityCustomerMarketMapping] ([Id], [BusinessActivityId], [CustomerMarketId], [Deactivated]) VALUES (85, 15, 14, 0)
INSERT INTO [BusinessActivityCustomerMarketMapping] ([Id], [BusinessActivityId], [CustomerMarketId], [Deactivated]) VALUES (86, 15, 15, 0)
INSERT INTO [BusinessActivityCustomerMarketMapping] ([Id], [BusinessActivityId], [CustomerMarketId], [Deactivated]) VALUES (87, 15, 16, 0)
INSERT INTO [BusinessActivityCustomerMarketMapping] ([Id], [BusinessActivityId], [CustomerMarketId], [Deactivated]) VALUES (88, 15, 17, 0)
INSERT INTO [BusinessActivityCustomerMarketMapping] ([Id], [BusinessActivityId], [CustomerMarketId], [Deactivated]) VALUES (89, 15, 18, 0)
INSERT INTO [BusinessActivityCustomerMarketMapping] ([Id], [BusinessActivityId], [CustomerMarketId], [Deactivated]) VALUES (90, 15, 19, 0)
INSERT INTO [BusinessActivityCustomerMarketMapping] ([Id], [BusinessActivityId], [CustomerMarketId], [Deactivated]) VALUES (91, 15, 20, 0)
INSERT INTO [BusinessActivityCustomerMarketMapping] ([Id], [BusinessActivityId], [CustomerMarketId], [Deactivated]) VALUES (92, 15, 21, 0)
INSERT INTO [BusinessActivityCustomerMarketMapping] ([Id], [BusinessActivityId], [CustomerMarketId], [Deactivated]) VALUES (93, 15, 22, 0)
INSERT INTO [BusinessActivityCustomerMarketMapping] ([Id], [BusinessActivityId], [CustomerMarketId], [Deactivated]) VALUES (94, 15, 23, 0)
INSERT INTO [BusinessActivityCustomerMarketMapping] ([Id], [BusinessActivityId], [CustomerMarketId], [Deactivated]) VALUES (95, 15, 24, 0)
INSERT INTO [BusinessActivityCustomerMarketMapping] ([Id], [BusinessActivityId], [CustomerMarketId], [Deactivated]) VALUES (96, 15, 25, 0)
INSERT INTO [BusinessActivityCustomerMarketMapping] ([Id], [BusinessActivityId], [CustomerMarketId], [Deactivated]) VALUES (97, 15, 26, 0)
INSERT INTO [BusinessActivityCustomerMarketMapping] ([Id], [BusinessActivityId], [CustomerMarketId], [Deactivated]) VALUES (98, 15, 27, 0)
INSERT INTO [BusinessActivityCustomerMarketMapping] ([Id], [BusinessActivityId], [CustomerMarketId], [Deactivated]) VALUES (99, 15, 28, 0)
INSERT INTO [BusinessActivityCustomerMarketMapping] ([Id], [BusinessActivityId], [CustomerMarketId], [Deactivated]) VALUES (100, 15, 29, 0)
INSERT INTO [BusinessActivityCustomerMarketMapping] ([Id], [BusinessActivityId], [CustomerMarketId], [Deactivated]) VALUES (101, 15, 30, 0)
INSERT INTO [BusinessActivityCustomerMarketMapping] ([Id], [BusinessActivityId], [CustomerMarketId], [Deactivated]) VALUES (102, 15, 31, 0)
INSERT INTO [BusinessActivityCustomerMarketMapping] ([Id], [BusinessActivityId], [CustomerMarketId], [Deactivated]) VALUES (103, 15, 32, 0)
INSERT INTO [BusinessActivityCustomerMarketMapping] ([Id], [BusinessActivityId], [CustomerMarketId], [Deactivated]) VALUES (104, 15, 33, 0)
INSERT INTO [BusinessActivityCustomerMarketMapping] ([Id], [BusinessActivityId], [CustomerMarketId], [Deactivated]) VALUES (105, 15, 34, 0)
INSERT INTO [BusinessActivityCustomerMarketMapping] ([Id], [BusinessActivityId], [CustomerMarketId], [Deactivated]) VALUES (106, 15, 35, 0)
INSERT INTO [BusinessActivityCustomerMarketMapping] ([Id], [BusinessActivityId], [CustomerMarketId], [Deactivated]) VALUES (107, 15, 36, 0)
INSERT INTO [BusinessActivityCustomerMarketMapping] ([Id], [BusinessActivityId], [CustomerMarketId], [Deactivated]) VALUES (108, 15, 37, 0)
INSERT INTO [BusinessActivityCustomerMarketMapping] ([Id], [BusinessActivityId], [CustomerMarketId], [Deactivated]) VALUES (109, 15, 38, 0)
INSERT INTO [BusinessActivityCustomerMarketMapping] ([Id], [BusinessActivityId], [CustomerMarketId], [Deactivated]) VALUES (110, 15, 39, 0)
INSERT INTO [BusinessActivityCustomerMarketMapping] ([Id], [BusinessActivityId], [CustomerMarketId], [Deactivated]) VALUES (111, 15, 40, 0)
INSERT INTO [BusinessActivityCustomerMarketMapping] ([Id], [BusinessActivityId], [CustomerMarketId], [Deactivated]) VALUES (112, 15, 41, 0)
INSERT INTO [BusinessActivityCustomerMarketMapping] ([Id], [BusinessActivityId], [CustomerMarketId], [Deactivated]) VALUES (113, 15, 42, 0)
INSERT INTO [BusinessActivityCustomerMarketMapping] ([Id], [BusinessActivityId], [CustomerMarketId], [Deactivated]) VALUES (114, 15, 43, 0)
INSERT INTO [BusinessActivityCustomerMarketMapping] ([Id], [BusinessActivityId], [CustomerMarketId], [Deactivated]) VALUES (115, 15, 44, 0)
INSERT INTO [BusinessActivityCustomerMarketMapping] ([Id], [BusinessActivityId], [CustomerMarketId], [Deactivated]) VALUES (116, 15, 45, 0)
INSERT INTO [BusinessActivityCustomerMarketMapping] ([Id], [BusinessActivityId], [CustomerMarketId], [Deactivated]) VALUES (117, 15, 46, 0)
INSERT INTO [BusinessActivityCustomerMarketMapping] ([Id], [BusinessActivityId], [CustomerMarketId], [Deactivated]) VALUES (118, 15, 47, 0)
INSERT INTO [BusinessActivityCustomerMarketMapping] ([Id], [BusinessActivityId], [CustomerMarketId], [Deactivated]) VALUES (119, 15, 48, 0)
INSERT INTO [BusinessActivityCustomerMarketMapping] ([Id], [BusinessActivityId], [CustomerMarketId], [Deactivated]) VALUES (120, 15, 49, 0)
INSERT INTO [BusinessActivityCustomerMarketMapping] ([Id], [BusinessActivityId], [CustomerMarketId], [Deactivated]) VALUES (121, 15, 50, 0)
INSERT INTO [BusinessActivityCustomerMarketMapping] ([Id], [BusinessActivityId], [CustomerMarketId], [Deactivated]) VALUES (122, 15, 51, 0)
INSERT INTO [BusinessActivityCustomerMarketMapping] ([Id], [BusinessActivityId], [CustomerMarketId], [Deactivated]) VALUES (123, 15, 52, 0)
INSERT INTO [BusinessActivityCustomerMarketMapping] ([Id], [BusinessActivityId], [CustomerMarketId], [Deactivated]) VALUES (124, 15, 53, 0)
INSERT INTO [BusinessActivityCustomerMarketMapping] ([Id], [BusinessActivityId], [CustomerMarketId], [Deactivated]) VALUES (125, 15, 54, 0)
INSERT INTO [BusinessActivityCustomerMarketMapping] ([Id], [BusinessActivityId], [CustomerMarketId], [Deactivated]) VALUES (126, 15, 55, 0)
INSERT INTO [BusinessActivityCustomerMarketMapping] ([Id], [BusinessActivityId], [CustomerMarketId], [Deactivated]) VALUES (127, 15, 56, 0)
INSERT INTO [BusinessActivityCustomerMarketMapping] ([Id], [BusinessActivityId], [CustomerMarketId], [Deactivated]) VALUES (128, 15, 57, 0)
INSERT INTO [BusinessActivityCustomerMarketMapping] ([Id], [BusinessActivityId], [CustomerMarketId], [Deactivated]) VALUES (129, 15, 58, 0)
INSERT INTO [BusinessActivityCustomerMarketMapping] ([Id], [BusinessActivityId], [CustomerMarketId], [Deactivated]) VALUES (130, 15, 59, 0)
INSERT INTO [BusinessActivityCustomerMarketMapping] ([Id], [BusinessActivityId], [CustomerMarketId], [Deactivated]) VALUES (131, 15, 60, 0)
INSERT INTO [BusinessActivityCustomerMarketMapping] ([Id], [BusinessActivityId], [CustomerMarketId], [Deactivated]) VALUES (132, 16, 1, 0)
INSERT INTO [BusinessActivityCustomerMarketMapping] ([Id], [BusinessActivityId], [CustomerMarketId], [Deactivated]) VALUES (133, 16, 2, 0)
INSERT INTO [BusinessActivityCustomerMarketMapping] ([Id], [BusinessActivityId], [CustomerMarketId], [Deactivated]) VALUES (134, 16, 3, 0)
INSERT INTO [BusinessActivityCustomerMarketMapping] ([Id], [BusinessActivityId], [CustomerMarketId], [Deactivated]) VALUES (135, 16, 4, 0)
INSERT INTO [BusinessActivityCustomerMarketMapping] ([Id], [BusinessActivityId], [CustomerMarketId], [Deactivated]) VALUES (136, 16, 5, 0)
INSERT INTO [BusinessActivityCustomerMarketMapping] ([Id], [BusinessActivityId], [CustomerMarketId], [Deactivated]) VALUES (137, 16, 6, 0)
INSERT INTO [BusinessActivityCustomerMarketMapping] ([Id], [BusinessActivityId], [CustomerMarketId], [Deactivated]) VALUES (138, 16, 7, 0)
INSERT INTO [BusinessActivityCustomerMarketMapping] ([Id], [BusinessActivityId], [CustomerMarketId], [Deactivated]) VALUES (139, 16, 8, 0)
INSERT INTO [BusinessActivityCustomerMarketMapping] ([Id], [BusinessActivityId], [CustomerMarketId], [Deactivated]) VALUES (140, 16, 9, 0)
INSERT INTO [BusinessActivityCustomerMarketMapping] ([Id], [BusinessActivityId], [CustomerMarketId], [Deactivated]) VALUES (141, 16, 11, 0)
INSERT INTO [BusinessActivityCustomerMarketMapping] ([Id], [BusinessActivityId], [CustomerMarketId], [Deactivated]) VALUES (142, 16, 12, 0)
INSERT INTO [BusinessActivityCustomerMarketMapping] ([Id], [BusinessActivityId], [CustomerMarketId], [Deactivated]) VALUES (143, 16, 13, 0)
INSERT INTO [BusinessActivityCustomerMarketMapping] ([Id], [BusinessActivityId], [CustomerMarketId], [Deactivated]) VALUES (144, 16, 14, 0)
INSERT INTO [BusinessActivityCustomerMarketMapping] ([Id], [BusinessActivityId], [CustomerMarketId], [Deactivated]) VALUES (145, 16, 15, 0)
INSERT INTO [BusinessActivityCustomerMarketMapping] ([Id], [BusinessActivityId], [CustomerMarketId], [Deactivated]) VALUES (146, 16, 16, 0)
INSERT INTO [BusinessActivityCustomerMarketMapping] ([Id], [BusinessActivityId], [CustomerMarketId], [Deactivated]) VALUES (147, 16, 17, 0)
INSERT INTO [BusinessActivityCustomerMarketMapping] ([Id], [BusinessActivityId], [CustomerMarketId], [Deactivated]) VALUES (148, 16, 18, 0)
INSERT INTO [BusinessActivityCustomerMarketMapping] ([Id], [BusinessActivityId], [CustomerMarketId], [Deactivated]) VALUES (149, 16, 19, 0)
INSERT INTO [BusinessActivityCustomerMarketMapping] ([Id], [BusinessActivityId], [CustomerMarketId], [Deactivated]) VALUES (150, 16, 20, 0)
INSERT INTO [BusinessActivityCustomerMarketMapping] ([Id], [BusinessActivityId], [CustomerMarketId], [Deactivated]) VALUES (151, 16, 21, 0)
INSERT INTO [BusinessActivityCustomerMarketMapping] ([Id], [BusinessActivityId], [CustomerMarketId], [Deactivated]) VALUES (152, 16, 22, 0)
INSERT INTO [BusinessActivityCustomerMarketMapping] ([Id], [BusinessActivityId], [CustomerMarketId], [Deactivated]) VALUES (153, 16, 23, 0)
INSERT INTO [BusinessActivityCustomerMarketMapping] ([Id], [BusinessActivityId], [CustomerMarketId], [Deactivated]) VALUES (154, 16, 24, 0)
INSERT INTO [BusinessActivityCustomerMarketMapping] ([Id], [BusinessActivityId], [CustomerMarketId], [Deactivated]) VALUES (155, 16, 25, 0)
INSERT INTO [BusinessActivityCustomerMarketMapping] ([Id], [BusinessActivityId], [CustomerMarketId], [Deactivated]) VALUES (156, 16, 26, 0)
INSERT INTO [BusinessActivityCustomerMarketMapping] ([Id], [BusinessActivityId], [CustomerMarketId], [Deactivated]) VALUES (157, 16, 27, 0)
INSERT INTO [BusinessActivityCustomerMarketMapping] ([Id], [BusinessActivityId], [CustomerMarketId], [Deactivated]) VALUES (158, 16, 28, 0)
INSERT INTO [BusinessActivityCustomerMarketMapping] ([Id], [BusinessActivityId], [CustomerMarketId], [Deactivated]) VALUES (159, 16, 29, 0)
INSERT INTO [BusinessActivityCustomerMarketMapping] ([Id], [BusinessActivityId], [CustomerMarketId], [Deactivated]) VALUES (160, 16, 30, 0)
INSERT INTO [BusinessActivityCustomerMarketMapping] ([Id], [BusinessActivityId], [CustomerMarketId], [Deactivated]) VALUES (161, 16, 31, 0)
INSERT INTO [BusinessActivityCustomerMarketMapping] ([Id], [BusinessActivityId], [CustomerMarketId], [Deactivated]) VALUES (162, 16, 32, 0)
INSERT INTO [BusinessActivityCustomerMarketMapping] ([Id], [BusinessActivityId], [CustomerMarketId], [Deactivated]) VALUES (163, 16, 33, 0)
INSERT INTO [BusinessActivityCustomerMarketMapping] ([Id], [BusinessActivityId], [CustomerMarketId], [Deactivated]) VALUES (164, 16, 34, 0)
INSERT INTO [BusinessActivityCustomerMarketMapping] ([Id], [BusinessActivityId], [CustomerMarketId], [Deactivated]) VALUES (165, 16, 35, 0)
INSERT INTO [BusinessActivityCustomerMarketMapping] ([Id], [BusinessActivityId], [CustomerMarketId], [Deactivated]) VALUES (166, 16, 36, 0)
INSERT INTO [BusinessActivityCustomerMarketMapping] ([Id], [BusinessActivityId], [CustomerMarketId], [Deactivated]) VALUES (167, 16, 37, 0)
INSERT INTO [BusinessActivityCustomerMarketMapping] ([Id], [BusinessActivityId], [CustomerMarketId], [Deactivated]) VALUES (168, 16, 38, 0)
INSERT INTO [BusinessActivityCustomerMarketMapping] ([Id], [BusinessActivityId], [CustomerMarketId], [Deactivated]) VALUES (169, 16, 39, 0)
INSERT INTO [BusinessActivityCustomerMarketMapping] ([Id], [BusinessActivityId], [CustomerMarketId], [Deactivated]) VALUES (170, 16, 40, 0)
INSERT INTO [BusinessActivityCustomerMarketMapping] ([Id], [BusinessActivityId], [CustomerMarketId], [Deactivated]) VALUES (171, 16, 41, 0)
INSERT INTO [BusinessActivityCustomerMarketMapping] ([Id], [BusinessActivityId], [CustomerMarketId], [Deactivated]) VALUES (172, 16, 42, 0)
INSERT INTO [BusinessActivityCustomerMarketMapping] ([Id], [BusinessActivityId], [CustomerMarketId], [Deactivated]) VALUES (173, 16, 43, 0)
INSERT INTO [BusinessActivityCustomerMarketMapping] ([Id], [BusinessActivityId], [CustomerMarketId], [Deactivated]) VALUES (174, 16, 44, 0)
INSERT INTO [BusinessActivityCustomerMarketMapping] ([Id], [BusinessActivityId], [CustomerMarketId], [Deactivated]) VALUES (175, 16, 45, 0)
INSERT INTO [BusinessActivityCustomerMarketMapping] ([Id], [BusinessActivityId], [CustomerMarketId], [Deactivated]) VALUES (176, 16, 46, 0)
INSERT INTO [BusinessActivityCustomerMarketMapping] ([Id], [BusinessActivityId], [CustomerMarketId], [Deactivated]) VALUES (177, 16, 47, 0)
INSERT INTO [BusinessActivityCustomerMarketMapping] ([Id], [BusinessActivityId], [CustomerMarketId], [Deactivated]) VALUES (178, 16, 48, 0)
INSERT INTO [BusinessActivityCustomerMarketMapping] ([Id], [BusinessActivityId], [CustomerMarketId], [Deactivated]) VALUES (179, 16, 49, 0)
INSERT INTO [BusinessActivityCustomerMarketMapping] ([Id], [BusinessActivityId], [CustomerMarketId], [Deactivated]) VALUES (180, 16, 50, 0)
INSERT INTO [BusinessActivityCustomerMarketMapping] ([Id], [BusinessActivityId], [CustomerMarketId], [Deactivated]) VALUES (181, 16, 51, 0)
INSERT INTO [BusinessActivityCustomerMarketMapping] ([Id], [BusinessActivityId], [CustomerMarketId], [Deactivated]) VALUES (182, 16, 52, 0)
INSERT INTO [BusinessActivityCustomerMarketMapping] ([Id], [BusinessActivityId], [CustomerMarketId], [Deactivated]) VALUES (183, 16, 53, 0)
INSERT INTO [BusinessActivityCustomerMarketMapping] ([Id], [BusinessActivityId], [CustomerMarketId], [Deactivated]) VALUES (184, 16, 54, 0)
INSERT INTO [BusinessActivityCustomerMarketMapping] ([Id], [BusinessActivityId], [CustomerMarketId], [Deactivated]) VALUES (185, 16, 55, 0)
INSERT INTO [BusinessActivityCustomerMarketMapping] ([Id], [BusinessActivityId], [CustomerMarketId], [Deactivated]) VALUES (186, 16, 56, 0)
INSERT INTO [BusinessActivityCustomerMarketMapping] ([Id], [BusinessActivityId], [CustomerMarketId], [Deactivated]) VALUES (187, 16, 57, 0)
INSERT INTO [BusinessActivityCustomerMarketMapping] ([Id], [BusinessActivityId], [CustomerMarketId], [Deactivated]) VALUES (188, 16, 58, 0)
INSERT INTO [BusinessActivityCustomerMarketMapping] ([Id], [BusinessActivityId], [CustomerMarketId], [Deactivated]) VALUES (189, 16, 59, 0)
INSERT INTO [BusinessActivityCustomerMarketMapping] ([Id], [BusinessActivityId], [CustomerMarketId], [Deactivated]) VALUES (190, 16, 60, 0)
INSERT INTO [BusinessActivityCustomerMarketMapping] ([Id], [BusinessActivityId], [CustomerMarketId], [Deactivated]) VALUES (191, 17, 1, 0)
INSERT INTO [BusinessActivityCustomerMarketMapping] ([Id], [BusinessActivityId], [CustomerMarketId], [Deactivated]) VALUES (192, 17, 2, 0)
INSERT INTO [BusinessActivityCustomerMarketMapping] ([Id], [BusinessActivityId], [CustomerMarketId], [Deactivated]) VALUES (193, 17, 3, 0)
INSERT INTO [BusinessActivityCustomerMarketMapping] ([Id], [BusinessActivityId], [CustomerMarketId], [Deactivated]) VALUES (194, 17, 4, 0)
INSERT INTO [BusinessActivityCustomerMarketMapping] ([Id], [BusinessActivityId], [CustomerMarketId], [Deactivated]) VALUES (195, 17, 5, 0)
INSERT INTO [BusinessActivityCustomerMarketMapping] ([Id], [BusinessActivityId], [CustomerMarketId], [Deactivated]) VALUES (196, 17, 6, 0)
INSERT INTO [BusinessActivityCustomerMarketMapping] ([Id], [BusinessActivityId], [CustomerMarketId], [Deactivated]) VALUES (197, 17, 7, 0)
INSERT INTO [BusinessActivityCustomerMarketMapping] ([Id], [BusinessActivityId], [CustomerMarketId], [Deactivated]) VALUES (198, 17, 8, 0)
INSERT INTO [BusinessActivityCustomerMarketMapping] ([Id], [BusinessActivityId], [CustomerMarketId], [Deactivated]) VALUES (199, 17, 9, 0)
INSERT INTO [BusinessActivityCustomerMarketMapping] ([Id], [BusinessActivityId], [CustomerMarketId], [Deactivated]) VALUES (200, 17, 11, 0)
INSERT INTO [BusinessActivityCustomerMarketMapping] ([Id], [BusinessActivityId], [CustomerMarketId], [Deactivated]) VALUES (201, 17, 12, 0)
INSERT INTO [BusinessActivityCustomerMarketMapping] ([Id], [BusinessActivityId], [CustomerMarketId], [Deactivated]) VALUES (202, 17, 13, 0)
INSERT INTO [BusinessActivityCustomerMarketMapping] ([Id], [BusinessActivityId], [CustomerMarketId], [Deactivated]) VALUES (203, 17, 14, 0)
INSERT INTO [BusinessActivityCustomerMarketMapping] ([Id], [BusinessActivityId], [CustomerMarketId], [Deactivated]) VALUES (204, 17, 15, 0)
INSERT INTO [BusinessActivityCustomerMarketMapping] ([Id], [BusinessActivityId], [CustomerMarketId], [Deactivated]) VALUES (205, 17, 16, 0)
INSERT INTO [BusinessActivityCustomerMarketMapping] ([Id], [BusinessActivityId], [CustomerMarketId], [Deactivated]) VALUES (206, 17, 17, 0)
INSERT INTO [BusinessActivityCustomerMarketMapping] ([Id], [BusinessActivityId], [CustomerMarketId], [Deactivated]) VALUES (207, 17, 18, 0)
INSERT INTO [BusinessActivityCustomerMarketMapping] ([Id], [BusinessActivityId], [CustomerMarketId], [Deactivated]) VALUES (208, 17, 19, 0)
INSERT INTO [BusinessActivityCustomerMarketMapping] ([Id], [BusinessActivityId], [CustomerMarketId], [Deactivated]) VALUES (209, 17, 20, 0)
INSERT INTO [BusinessActivityCustomerMarketMapping] ([Id], [BusinessActivityId], [CustomerMarketId], [Deactivated]) VALUES (210, 17, 21, 0)
INSERT INTO [BusinessActivityCustomerMarketMapping] ([Id], [BusinessActivityId], [CustomerMarketId], [Deactivated]) VALUES (211, 17, 22, 0)
INSERT INTO [BusinessActivityCustomerMarketMapping] ([Id], [BusinessActivityId], [CustomerMarketId], [Deactivated]) VALUES (212, 17, 23, 0)
INSERT INTO [BusinessActivityCustomerMarketMapping] ([Id], [BusinessActivityId], [CustomerMarketId], [Deactivated]) VALUES (213, 17, 24, 0)
INSERT INTO [BusinessActivityCustomerMarketMapping] ([Id], [BusinessActivityId], [CustomerMarketId], [Deactivated]) VALUES (214, 17, 25, 0)
INSERT INTO [BusinessActivityCustomerMarketMapping] ([Id], [BusinessActivityId], [CustomerMarketId], [Deactivated]) VALUES (215, 17, 26, 0)
INSERT INTO [BusinessActivityCustomerMarketMapping] ([Id], [BusinessActivityId], [CustomerMarketId], [Deactivated]) VALUES (216, 17, 27, 0)
INSERT INTO [BusinessActivityCustomerMarketMapping] ([Id], [BusinessActivityId], [CustomerMarketId], [Deactivated]) VALUES (217, 17, 28, 0)
INSERT INTO [BusinessActivityCustomerMarketMapping] ([Id], [BusinessActivityId], [CustomerMarketId], [Deactivated]) VALUES (218, 17, 29, 0)
INSERT INTO [BusinessActivityCustomerMarketMapping] ([Id], [BusinessActivityId], [CustomerMarketId], [Deactivated]) VALUES (219, 17, 30, 0)
INSERT INTO [BusinessActivityCustomerMarketMapping] ([Id], [BusinessActivityId], [CustomerMarketId], [Deactivated]) VALUES (220, 17, 31, 0)
INSERT INTO [BusinessActivityCustomerMarketMapping] ([Id], [BusinessActivityId], [CustomerMarketId], [Deactivated]) VALUES (221, 17, 32, 0)
INSERT INTO [BusinessActivityCustomerMarketMapping] ([Id], [BusinessActivityId], [CustomerMarketId], [Deactivated]) VALUES (222, 17, 33, 0)
INSERT INTO [BusinessActivityCustomerMarketMapping] ([Id], [BusinessActivityId], [CustomerMarketId], [Deactivated]) VALUES (223, 17, 34, 0)
INSERT INTO [BusinessActivityCustomerMarketMapping] ([Id], [BusinessActivityId], [CustomerMarketId], [Deactivated]) VALUES (224, 17, 35, 0)
INSERT INTO [BusinessActivityCustomerMarketMapping] ([Id], [BusinessActivityId], [CustomerMarketId], [Deactivated]) VALUES (225, 17, 36, 0)
INSERT INTO [BusinessActivityCustomerMarketMapping] ([Id], [BusinessActivityId], [CustomerMarketId], [Deactivated]) VALUES (226, 17, 37, 0)
INSERT INTO [BusinessActivityCustomerMarketMapping] ([Id], [BusinessActivityId], [CustomerMarketId], [Deactivated]) VALUES (227, 17, 38, 0)
INSERT INTO [BusinessActivityCustomerMarketMapping] ([Id], [BusinessActivityId], [CustomerMarketId], [Deactivated]) VALUES (228, 17, 39, 0)
INSERT INTO [BusinessActivityCustomerMarketMapping] ([Id], [BusinessActivityId], [CustomerMarketId], [Deactivated]) VALUES (229, 17, 40, 0)
INSERT INTO [BusinessActivityCustomerMarketMapping] ([Id], [BusinessActivityId], [CustomerMarketId], [Deactivated]) VALUES (230, 17, 41, 0)
INSERT INTO [BusinessActivityCustomerMarketMapping] ([Id], [BusinessActivityId], [CustomerMarketId], [Deactivated]) VALUES (231, 17, 42, 0)
INSERT INTO [BusinessActivityCustomerMarketMapping] ([Id], [BusinessActivityId], [CustomerMarketId], [Deactivated]) VALUES (232, 17, 43, 0)
INSERT INTO [BusinessActivityCustomerMarketMapping] ([Id], [BusinessActivityId], [CustomerMarketId], [Deactivated]) VALUES (233, 17, 44, 0)
INSERT INTO [BusinessActivityCustomerMarketMapping] ([Id], [BusinessActivityId], [CustomerMarketId], [Deactivated]) VALUES (234, 17, 45, 0)
INSERT INTO [BusinessActivityCustomerMarketMapping] ([Id], [BusinessActivityId], [CustomerMarketId], [Deactivated]) VALUES (235, 17, 46, 0)
INSERT INTO [BusinessActivityCustomerMarketMapping] ([Id], [BusinessActivityId], [CustomerMarketId], [Deactivated]) VALUES (236, 17, 47, 0)
INSERT INTO [BusinessActivityCustomerMarketMapping] ([Id], [BusinessActivityId], [CustomerMarketId], [Deactivated]) VALUES (237, 17, 48, 0)
INSERT INTO [BusinessActivityCustomerMarketMapping] ([Id], [BusinessActivityId], [CustomerMarketId], [Deactivated]) VALUES (238, 17, 49, 0)
INSERT INTO [BusinessActivityCustomerMarketMapping] ([Id], [BusinessActivityId], [CustomerMarketId], [Deactivated]) VALUES (239, 17, 50, 0)
INSERT INTO [BusinessActivityCustomerMarketMapping] ([Id], [BusinessActivityId], [CustomerMarketId], [Deactivated]) VALUES (240, 17, 51, 0)
INSERT INTO [BusinessActivityCustomerMarketMapping] ([Id], [BusinessActivityId], [CustomerMarketId], [Deactivated]) VALUES (241, 17, 52, 0)
INSERT INTO [BusinessActivityCustomerMarketMapping] ([Id], [BusinessActivityId], [CustomerMarketId], [Deactivated]) VALUES (242, 17, 53, 0)
INSERT INTO [BusinessActivityCustomerMarketMapping] ([Id], [BusinessActivityId], [CustomerMarketId], [Deactivated]) VALUES (243, 17, 54, 0)
INSERT INTO [BusinessActivityCustomerMarketMapping] ([Id], [BusinessActivityId], [CustomerMarketId], [Deactivated]) VALUES (244, 17, 55, 0)
INSERT INTO [BusinessActivityCustomerMarketMapping] ([Id], [BusinessActivityId], [CustomerMarketId], [Deactivated]) VALUES (245, 17, 56, 0)
INSERT INTO [BusinessActivityCustomerMarketMapping] ([Id], [BusinessActivityId], [CustomerMarketId], [Deactivated]) VALUES (246, 17, 57, 0)
INSERT INTO [BusinessActivityCustomerMarketMapping] ([Id], [BusinessActivityId], [CustomerMarketId], [Deactivated]) VALUES (247, 17, 58, 0)
INSERT INTO [BusinessActivityCustomerMarketMapping] ([Id], [BusinessActivityId], [CustomerMarketId], [Deactivated]) VALUES (248, 17, 59, 0)
INSERT INTO [BusinessActivityCustomerMarketMapping] ([Id], [BusinessActivityId], [CustomerMarketId], [Deactivated]) VALUES (249, 17, 60, 0)
INSERT INTO [BusinessActivityCustomerMarketMapping] ([Id], [BusinessActivityId], [CustomerMarketId], [Deactivated]) VALUES (250, 18, 1, 0)
INSERT INTO [BusinessActivityCustomerMarketMapping] ([Id], [BusinessActivityId], [CustomerMarketId], [Deactivated]) VALUES (251, 18, 2, 0)
INSERT INTO [BusinessActivityCustomerMarketMapping] ([Id], [BusinessActivityId], [CustomerMarketId], [Deactivated]) VALUES (252, 18, 3, 0)
INSERT INTO [BusinessActivityCustomerMarketMapping] ([Id], [BusinessActivityId], [CustomerMarketId], [Deactivated]) VALUES (253, 18, 4, 0)
INSERT INTO [BusinessActivityCustomerMarketMapping] ([Id], [BusinessActivityId], [CustomerMarketId], [Deactivated]) VALUES (254, 18, 5, 0)
INSERT INTO [BusinessActivityCustomerMarketMapping] ([Id], [BusinessActivityId], [CustomerMarketId], [Deactivated]) VALUES (255, 18, 6, 0)
INSERT INTO [BusinessActivityCustomerMarketMapping] ([Id], [BusinessActivityId], [CustomerMarketId], [Deactivated]) VALUES (256, 18, 7, 0)
INSERT INTO [BusinessActivityCustomerMarketMapping] ([Id], [BusinessActivityId], [CustomerMarketId], [Deactivated]) VALUES (257, 18, 8, 0)
INSERT INTO [BusinessActivityCustomerMarketMapping] ([Id], [BusinessActivityId], [CustomerMarketId], [Deactivated]) VALUES (258, 18, 9, 0)
INSERT INTO [BusinessActivityCustomerMarketMapping] ([Id], [BusinessActivityId], [CustomerMarketId], [Deactivated]) VALUES (259, 18, 11, 0)
INSERT INTO [BusinessActivityCustomerMarketMapping] ([Id], [BusinessActivityId], [CustomerMarketId], [Deactivated]) VALUES (260, 18, 12, 0)
INSERT INTO [BusinessActivityCustomerMarketMapping] ([Id], [BusinessActivityId], [CustomerMarketId], [Deactivated]) VALUES (261, 18, 13, 0)
INSERT INTO [BusinessActivityCustomerMarketMapping] ([Id], [BusinessActivityId], [CustomerMarketId], [Deactivated]) VALUES (262, 18, 14, 0)
INSERT INTO [BusinessActivityCustomerMarketMapping] ([Id], [BusinessActivityId], [CustomerMarketId], [Deactivated]) VALUES (263, 18, 15, 0)
INSERT INTO [BusinessActivityCustomerMarketMapping] ([Id], [BusinessActivityId], [CustomerMarketId], [Deactivated]) VALUES (264, 18, 16, 0)
INSERT INTO [BusinessActivityCustomerMarketMapping] ([Id], [BusinessActivityId], [CustomerMarketId], [Deactivated]) VALUES (265, 18, 17, 0)
INSERT INTO [BusinessActivityCustomerMarketMapping] ([Id], [BusinessActivityId], [CustomerMarketId], [Deactivated]) VALUES (266, 18, 18, 0)
INSERT INTO [BusinessActivityCustomerMarketMapping] ([Id], [BusinessActivityId], [CustomerMarketId], [Deactivated]) VALUES (267, 18, 19, 0)
INSERT INTO [BusinessActivityCustomerMarketMapping] ([Id], [BusinessActivityId], [CustomerMarketId], [Deactivated]) VALUES (268, 18, 20, 0)
INSERT INTO [BusinessActivityCustomerMarketMapping] ([Id], [BusinessActivityId], [CustomerMarketId], [Deactivated]) VALUES (269, 18, 21, 0)
INSERT INTO [BusinessActivityCustomerMarketMapping] ([Id], [BusinessActivityId], [CustomerMarketId], [Deactivated]) VALUES (270, 18, 22, 0)
INSERT INTO [BusinessActivityCustomerMarketMapping] ([Id], [BusinessActivityId], [CustomerMarketId], [Deactivated]) VALUES (271, 18, 23, 0)
INSERT INTO [BusinessActivityCustomerMarketMapping] ([Id], [BusinessActivityId], [CustomerMarketId], [Deactivated]) VALUES (272, 18, 24, 0)
INSERT INTO [BusinessActivityCustomerMarketMapping] ([Id], [BusinessActivityId], [CustomerMarketId], [Deactivated]) VALUES (273, 18, 25, 0)
INSERT INTO [BusinessActivityCustomerMarketMapping] ([Id], [BusinessActivityId], [CustomerMarketId], [Deactivated]) VALUES (274, 18, 26, 0)
INSERT INTO [BusinessActivityCustomerMarketMapping] ([Id], [BusinessActivityId], [CustomerMarketId], [Deactivated]) VALUES (275, 18, 27, 0)
INSERT INTO [BusinessActivityCustomerMarketMapping] ([Id], [BusinessActivityId], [CustomerMarketId], [Deactivated]) VALUES (276, 18, 28, 0)
INSERT INTO [BusinessActivityCustomerMarketMapping] ([Id], [BusinessActivityId], [CustomerMarketId], [Deactivated]) VALUES (277, 18, 29, 0)
INSERT INTO [BusinessActivityCustomerMarketMapping] ([Id], [BusinessActivityId], [CustomerMarketId], [Deactivated]) VALUES (278, 18, 30, 0)
INSERT INTO [BusinessActivityCustomerMarketMapping] ([Id], [BusinessActivityId], [CustomerMarketId], [Deactivated]) VALUES (279, 18, 31, 0)
INSERT INTO [BusinessActivityCustomerMarketMapping] ([Id], [BusinessActivityId], [CustomerMarketId], [Deactivated]) VALUES (280, 18, 32, 0)
INSERT INTO [BusinessActivityCustomerMarketMapping] ([Id], [BusinessActivityId], [CustomerMarketId], [Deactivated]) VALUES (281, 18, 33, 0)
INSERT INTO [BusinessActivityCustomerMarketMapping] ([Id], [BusinessActivityId], [CustomerMarketId], [Deactivated]) VALUES (282, 18, 34, 0)
INSERT INTO [BusinessActivityCustomerMarketMapping] ([Id], [BusinessActivityId], [CustomerMarketId], [Deactivated]) VALUES (283, 18, 35, 0)
INSERT INTO [BusinessActivityCustomerMarketMapping] ([Id], [BusinessActivityId], [CustomerMarketId], [Deactivated]) VALUES (284, 18, 36, 0)
INSERT INTO [BusinessActivityCustomerMarketMapping] ([Id], [BusinessActivityId], [CustomerMarketId], [Deactivated]) VALUES (285, 18, 37, 0)
INSERT INTO [BusinessActivityCustomerMarketMapping] ([Id], [BusinessActivityId], [CustomerMarketId], [Deactivated]) VALUES (286, 18, 38, 0)
INSERT INTO [BusinessActivityCustomerMarketMapping] ([Id], [BusinessActivityId], [CustomerMarketId], [Deactivated]) VALUES (287, 18, 39, 0)
INSERT INTO [BusinessActivityCustomerMarketMapping] ([Id], [BusinessActivityId], [CustomerMarketId], [Deactivated]) VALUES (288, 18, 40, 0)
INSERT INTO [BusinessActivityCustomerMarketMapping] ([Id], [BusinessActivityId], [CustomerMarketId], [Deactivated]) VALUES (289, 18, 41, 0)
INSERT INTO [BusinessActivityCustomerMarketMapping] ([Id], [BusinessActivityId], [CustomerMarketId], [Deactivated]) VALUES (290, 18, 42, 0)
INSERT INTO [BusinessActivityCustomerMarketMapping] ([Id], [BusinessActivityId], [CustomerMarketId], [Deactivated]) VALUES (291, 18, 43, 0)
INSERT INTO [BusinessActivityCustomerMarketMapping] ([Id], [BusinessActivityId], [CustomerMarketId], [Deactivated]) VALUES (292, 18, 44, 0)
INSERT INTO [BusinessActivityCustomerMarketMapping] ([Id], [BusinessActivityId], [CustomerMarketId], [Deactivated]) VALUES (293, 18, 45, 0)
INSERT INTO [BusinessActivityCustomerMarketMapping] ([Id], [BusinessActivityId], [CustomerMarketId], [Deactivated]) VALUES (294, 18, 46, 0)
INSERT INTO [BusinessActivityCustomerMarketMapping] ([Id], [BusinessActivityId], [CustomerMarketId], [Deactivated]) VALUES (295, 18, 47, 0)
INSERT INTO [BusinessActivityCustomerMarketMapping] ([Id], [BusinessActivityId], [CustomerMarketId], [Deactivated]) VALUES (296, 18, 48, 0)
INSERT INTO [BusinessActivityCustomerMarketMapping] ([Id], [BusinessActivityId], [CustomerMarketId], [Deactivated]) VALUES (297, 18, 49, 0)
INSERT INTO [BusinessActivityCustomerMarketMapping] ([Id], [BusinessActivityId], [CustomerMarketId], [Deactivated]) VALUES (298, 18, 50, 0)
INSERT INTO [BusinessActivityCustomerMarketMapping] ([Id], [BusinessActivityId], [CustomerMarketId], [Deactivated]) VALUES (299, 18, 51, 0)
INSERT INTO [BusinessActivityCustomerMarketMapping] ([Id], [BusinessActivityId], [CustomerMarketId], [Deactivated]) VALUES (300, 18, 52, 0)
INSERT INTO [BusinessActivityCustomerMarketMapping] ([Id], [BusinessActivityId], [CustomerMarketId], [Deactivated]) VALUES (301, 18, 53, 0)
INSERT INTO [BusinessActivityCustomerMarketMapping] ([Id], [BusinessActivityId], [CustomerMarketId], [Deactivated]) VALUES (302, 18, 54, 0)
INSERT INTO [BusinessActivityCustomerMarketMapping] ([Id], [BusinessActivityId], [CustomerMarketId], [Deactivated]) VALUES (303, 18, 55, 0)
INSERT INTO [BusinessActivityCustomerMarketMapping] ([Id], [BusinessActivityId], [CustomerMarketId], [Deactivated]) VALUES (304, 18, 56, 0)
INSERT INTO [BusinessActivityCustomerMarketMapping] ([Id], [BusinessActivityId], [CustomerMarketId], [Deactivated]) VALUES (305, 18, 57, 0)
INSERT INTO [BusinessActivityCustomerMarketMapping] ([Id], [BusinessActivityId], [CustomerMarketId], [Deactivated]) VALUES (306, 18, 58, 0)
INSERT INTO [BusinessActivityCustomerMarketMapping] ([Id], [BusinessActivityId], [CustomerMarketId], [Deactivated]) VALUES (307, 18, 59, 0)
INSERT INTO [BusinessActivityCustomerMarketMapping] ([Id], [BusinessActivityId], [CustomerMarketId], [Deactivated]) VALUES (308, 18, 60, 0)
INSERT INTO [BusinessActivityCustomerMarketMapping] ([Id], [BusinessActivityId], [CustomerMarketId], [Deactivated]) VALUES (309, 19, 1, 0)
INSERT INTO [BusinessActivityCustomerMarketMapping] ([Id], [BusinessActivityId], [CustomerMarketId], [Deactivated]) VALUES (310, 19, 2, 0)
INSERT INTO [BusinessActivityCustomerMarketMapping] ([Id], [BusinessActivityId], [CustomerMarketId], [Deactivated]) VALUES (311, 19, 3, 0)
INSERT INTO [BusinessActivityCustomerMarketMapping] ([Id], [BusinessActivityId], [CustomerMarketId], [Deactivated]) VALUES (312, 19, 4, 0)
INSERT INTO [BusinessActivityCustomerMarketMapping] ([Id], [BusinessActivityId], [CustomerMarketId], [Deactivated]) VALUES (313, 19, 5, 0)
INSERT INTO [BusinessActivityCustomerMarketMapping] ([Id], [BusinessActivityId], [CustomerMarketId], [Deactivated]) VALUES (314, 19, 6, 0)
INSERT INTO [BusinessActivityCustomerMarketMapping] ([Id], [BusinessActivityId], [CustomerMarketId], [Deactivated]) VALUES (315, 19, 7, 0)
INSERT INTO [BusinessActivityCustomerMarketMapping] ([Id], [BusinessActivityId], [CustomerMarketId], [Deactivated]) VALUES (316, 19, 8, 0)
INSERT INTO [BusinessActivityCustomerMarketMapping] ([Id], [BusinessActivityId], [CustomerMarketId], [Deactivated]) VALUES (317, 19, 9, 0)
INSERT INTO [BusinessActivityCustomerMarketMapping] ([Id], [BusinessActivityId], [CustomerMarketId], [Deactivated]) VALUES (318, 19, 11, 0)
INSERT INTO [BusinessActivityCustomerMarketMapping] ([Id], [BusinessActivityId], [CustomerMarketId], [Deactivated]) VALUES (319, 19, 12, 0)
INSERT INTO [BusinessActivityCustomerMarketMapping] ([Id], [BusinessActivityId], [CustomerMarketId], [Deactivated]) VALUES (320, 19, 13, 0)
INSERT INTO [BusinessActivityCustomerMarketMapping] ([Id], [BusinessActivityId], [CustomerMarketId], [Deactivated]) VALUES (321, 19, 14, 0)
INSERT INTO [BusinessActivityCustomerMarketMapping] ([Id], [BusinessActivityId], [CustomerMarketId], [Deactivated]) VALUES (322, 19, 15, 0)
INSERT INTO [BusinessActivityCustomerMarketMapping] ([Id], [BusinessActivityId], [CustomerMarketId], [Deactivated]) VALUES (323, 19, 16, 0)
INSERT INTO [BusinessActivityCustomerMarketMapping] ([Id], [BusinessActivityId], [CustomerMarketId], [Deactivated]) VALUES (324, 19, 17, 0)
INSERT INTO [BusinessActivityCustomerMarketMapping] ([Id], [BusinessActivityId], [CustomerMarketId], [Deactivated]) VALUES (325, 19, 18, 0)
INSERT INTO [BusinessActivityCustomerMarketMapping] ([Id], [BusinessActivityId], [CustomerMarketId], [Deactivated]) VALUES (326, 19, 19, 0)
INSERT INTO [BusinessActivityCustomerMarketMapping] ([Id], [BusinessActivityId], [CustomerMarketId], [Deactivated]) VALUES (327, 19, 20, 0)
INSERT INTO [BusinessActivityCustomerMarketMapping] ([Id], [BusinessActivityId], [CustomerMarketId], [Deactivated]) VALUES (328, 19, 21, 0)
INSERT INTO [BusinessActivityCustomerMarketMapping] ([Id], [BusinessActivityId], [CustomerMarketId], [Deactivated]) VALUES (329, 19, 22, 0)
INSERT INTO [BusinessActivityCustomerMarketMapping] ([Id], [BusinessActivityId], [CustomerMarketId], [Deactivated]) VALUES (330, 19, 23, 0)
INSERT INTO [BusinessActivityCustomerMarketMapping] ([Id], [BusinessActivityId], [CustomerMarketId], [Deactivated]) VALUES (331, 19, 24, 0)
INSERT INTO [BusinessActivityCustomerMarketMapping] ([Id], [BusinessActivityId], [CustomerMarketId], [Deactivated]) VALUES (332, 19, 25, 0)
INSERT INTO [BusinessActivityCustomerMarketMapping] ([Id], [BusinessActivityId], [CustomerMarketId], [Deactivated]) VALUES (333, 19, 26, 0)
INSERT INTO [BusinessActivityCustomerMarketMapping] ([Id], [BusinessActivityId], [CustomerMarketId], [Deactivated]) VALUES (334, 19, 27, 0)
INSERT INTO [BusinessActivityCustomerMarketMapping] ([Id], [BusinessActivityId], [CustomerMarketId], [Deactivated]) VALUES (335, 19, 28, 0)
INSERT INTO [BusinessActivityCustomerMarketMapping] ([Id], [BusinessActivityId], [CustomerMarketId], [Deactivated]) VALUES (336, 19, 29, 0)
INSERT INTO [BusinessActivityCustomerMarketMapping] ([Id], [BusinessActivityId], [CustomerMarketId], [Deactivated]) VALUES (337, 19, 30, 0)
INSERT INTO [BusinessActivityCustomerMarketMapping] ([Id], [BusinessActivityId], [CustomerMarketId], [Deactivated]) VALUES (338, 19, 31, 0)
INSERT INTO [BusinessActivityCustomerMarketMapping] ([Id], [BusinessActivityId], [CustomerMarketId], [Deactivated]) VALUES (339, 19, 32, 0)
INSERT INTO [BusinessActivityCustomerMarketMapping] ([Id], [BusinessActivityId], [CustomerMarketId], [Deactivated]) VALUES (340, 19, 33, 0)
INSERT INTO [BusinessActivityCustomerMarketMapping] ([Id], [BusinessActivityId], [CustomerMarketId], [Deactivated]) VALUES (341, 19, 34, 0)
INSERT INTO [BusinessActivityCustomerMarketMapping] ([Id], [BusinessActivityId], [CustomerMarketId], [Deactivated]) VALUES (342, 19, 35, 0)
INSERT INTO [BusinessActivityCustomerMarketMapping] ([Id], [BusinessActivityId], [CustomerMarketId], [Deactivated]) VALUES (343, 19, 36, 0)
INSERT INTO [BusinessActivityCustomerMarketMapping] ([Id], [BusinessActivityId], [CustomerMarketId], [Deactivated]) VALUES (344, 19, 37, 0)
INSERT INTO [BusinessActivityCustomerMarketMapping] ([Id], [BusinessActivityId], [CustomerMarketId], [Deactivated]) VALUES (345, 19, 38, 0)
INSERT INTO [BusinessActivityCustomerMarketMapping] ([Id], [BusinessActivityId], [CustomerMarketId], [Deactivated]) VALUES (346, 19, 39, 0)
INSERT INTO [BusinessActivityCustomerMarketMapping] ([Id], [BusinessActivityId], [CustomerMarketId], [Deactivated]) VALUES (347, 19, 40, 0)
INSERT INTO [BusinessActivityCustomerMarketMapping] ([Id], [BusinessActivityId], [CustomerMarketId], [Deactivated]) VALUES (348, 19, 41, 0)
INSERT INTO [BusinessActivityCustomerMarketMapping] ([Id], [BusinessActivityId], [CustomerMarketId], [Deactivated]) VALUES (349, 19, 42, 0)
INSERT INTO [BusinessActivityCustomerMarketMapping] ([Id], [BusinessActivityId], [CustomerMarketId], [Deactivated]) VALUES (350, 19, 43, 0)
INSERT INTO [BusinessActivityCustomerMarketMapping] ([Id], [BusinessActivityId], [CustomerMarketId], [Deactivated]) VALUES (351, 19, 44, 0)
INSERT INTO [BusinessActivityCustomerMarketMapping] ([Id], [BusinessActivityId], [CustomerMarketId], [Deactivated]) VALUES (352, 19, 45, 0)
INSERT INTO [BusinessActivityCustomerMarketMapping] ([Id], [BusinessActivityId], [CustomerMarketId], [Deactivated]) VALUES (353, 19, 46, 0)
INSERT INTO [BusinessActivityCustomerMarketMapping] ([Id], [BusinessActivityId], [CustomerMarketId], [Deactivated]) VALUES (354, 19, 47, 0)
INSERT INTO [BusinessActivityCustomerMarketMapping] ([Id], [BusinessActivityId], [CustomerMarketId], [Deactivated]) VALUES (355, 19, 48, 0)
INSERT INTO [BusinessActivityCustomerMarketMapping] ([Id], [BusinessActivityId], [CustomerMarketId], [Deactivated]) VALUES (356, 19, 49, 0)
INSERT INTO [BusinessActivityCustomerMarketMapping] ([Id], [BusinessActivityId], [CustomerMarketId], [Deactivated]) VALUES (357, 19, 50, 0)
INSERT INTO [BusinessActivityCustomerMarketMapping] ([Id], [BusinessActivityId], [CustomerMarketId], [Deactivated]) VALUES (358, 19, 51, 0)
INSERT INTO [BusinessActivityCustomerMarketMapping] ([Id], [BusinessActivityId], [CustomerMarketId], [Deactivated]) VALUES (359, 19, 52, 0)
INSERT INTO [BusinessActivityCustomerMarketMapping] ([Id], [BusinessActivityId], [CustomerMarketId], [Deactivated]) VALUES (360, 19, 53, 0)
INSERT INTO [BusinessActivityCustomerMarketMapping] ([Id], [BusinessActivityId], [CustomerMarketId], [Deactivated]) VALUES (361, 19, 54, 0)
INSERT INTO [BusinessActivityCustomerMarketMapping] ([Id], [BusinessActivityId], [CustomerMarketId], [Deactivated]) VALUES (362, 19, 55, 0)
INSERT INTO [BusinessActivityCustomerMarketMapping] ([Id], [BusinessActivityId], [CustomerMarketId], [Deactivated]) VALUES (363, 19, 56, 0)
INSERT INTO [BusinessActivityCustomerMarketMapping] ([Id], [BusinessActivityId], [CustomerMarketId], [Deactivated]) VALUES (364, 19, 57, 0)
INSERT INTO [BusinessActivityCustomerMarketMapping] ([Id], [BusinessActivityId], [CustomerMarketId], [Deactivated]) VALUES (365, 19, 58, 0)
INSERT INTO [BusinessActivityCustomerMarketMapping] ([Id], [BusinessActivityId], [CustomerMarketId], [Deactivated]) VALUES (366, 19, 59, 0)
INSERT INTO [BusinessActivityCustomerMarketMapping] ([Id], [BusinessActivityId], [CustomerMarketId], [Deactivated]) VALUES (367, 19, 60, 0)
INSERT INTO [BusinessActivityCustomerMarketMapping] ([Id], [BusinessActivityId], [CustomerMarketId], [Deactivated]) VALUES (368, 20, 7, 0)
INSERT INTO [BusinessActivityCustomerMarketMapping] ([Id], [BusinessActivityId], [CustomerMarketId], [Deactivated]) VALUES (369, 21, 1, 0)
INSERT INTO [BusinessActivityCustomerMarketMapping] ([Id], [BusinessActivityId], [CustomerMarketId], [Deactivated]) VALUES (370, 21, 2, 0)
INSERT INTO [BusinessActivityCustomerMarketMapping] ([Id], [BusinessActivityId], [CustomerMarketId], [Deactivated]) VALUES (371, 21, 3, 0)
INSERT INTO [BusinessActivityCustomerMarketMapping] ([Id], [BusinessActivityId], [CustomerMarketId], [Deactivated]) VALUES (372, 21, 4, 0)
INSERT INTO [BusinessActivityCustomerMarketMapping] ([Id], [BusinessActivityId], [CustomerMarketId], [Deactivated]) VALUES (373, 21, 5, 0)
INSERT INTO [BusinessActivityCustomerMarketMapping] ([Id], [BusinessActivityId], [CustomerMarketId], [Deactivated]) VALUES (374, 21, 6, 0)
INSERT INTO [BusinessActivityCustomerMarketMapping] ([Id], [BusinessActivityId], [CustomerMarketId], [Deactivated]) VALUES (375, 21, 7, 0)
INSERT INTO [BusinessActivityCustomerMarketMapping] ([Id], [BusinessActivityId], [CustomerMarketId], [Deactivated]) VALUES (376, 21, 8, 0)
INSERT INTO [BusinessActivityCustomerMarketMapping] ([Id], [BusinessActivityId], [CustomerMarketId], [Deactivated]) VALUES (377, 21, 9, 0)
INSERT INTO [BusinessActivityCustomerMarketMapping] ([Id], [BusinessActivityId], [CustomerMarketId], [Deactivated]) VALUES (378, 21, 11, 0)
INSERT INTO [BusinessActivityCustomerMarketMapping] ([Id], [BusinessActivityId], [CustomerMarketId], [Deactivated]) VALUES (379, 21, 12, 0)
INSERT INTO [BusinessActivityCustomerMarketMapping] ([Id], [BusinessActivityId], [CustomerMarketId], [Deactivated]) VALUES (380, 21, 13, 0)
INSERT INTO [BusinessActivityCustomerMarketMapping] ([Id], [BusinessActivityId], [CustomerMarketId], [Deactivated]) VALUES (381, 21, 14, 0)
INSERT INTO [BusinessActivityCustomerMarketMapping] ([Id], [BusinessActivityId], [CustomerMarketId], [Deactivated]) VALUES (382, 21, 15, 0)
INSERT INTO [BusinessActivityCustomerMarketMapping] ([Id], [BusinessActivityId], [CustomerMarketId], [Deactivated]) VALUES (383, 21, 16, 0)
INSERT INTO [BusinessActivityCustomerMarketMapping] ([Id], [BusinessActivityId], [CustomerMarketId], [Deactivated]) VALUES (384, 21, 17, 0)
INSERT INTO [BusinessActivityCustomerMarketMapping] ([Id], [BusinessActivityId], [CustomerMarketId], [Deactivated]) VALUES (385, 21, 18, 0)
INSERT INTO [BusinessActivityCustomerMarketMapping] ([Id], [BusinessActivityId], [CustomerMarketId], [Deactivated]) VALUES (386, 21, 19, 0)
INSERT INTO [BusinessActivityCustomerMarketMapping] ([Id], [BusinessActivityId], [CustomerMarketId], [Deactivated]) VALUES (387, 21, 20, 0)
INSERT INTO [BusinessActivityCustomerMarketMapping] ([Id], [BusinessActivityId], [CustomerMarketId], [Deactivated]) VALUES (388, 21, 21, 0)
INSERT INTO [BusinessActivityCustomerMarketMapping] ([Id], [BusinessActivityId], [CustomerMarketId], [Deactivated]) VALUES (389, 21, 22, 0)
INSERT INTO [BusinessActivityCustomerMarketMapping] ([Id], [BusinessActivityId], [CustomerMarketId], [Deactivated]) VALUES (390, 21, 23, 0)
INSERT INTO [BusinessActivityCustomerMarketMapping] ([Id], [BusinessActivityId], [CustomerMarketId], [Deactivated]) VALUES (391, 21, 24, 0)
INSERT INTO [BusinessActivityCustomerMarketMapping] ([Id], [BusinessActivityId], [CustomerMarketId], [Deactivated]) VALUES (392, 21, 25, 0)
INSERT INTO [BusinessActivityCustomerMarketMapping] ([Id], [BusinessActivityId], [CustomerMarketId], [Deactivated]) VALUES (393, 21, 26, 0)
INSERT INTO [BusinessActivityCustomerMarketMapping] ([Id], [BusinessActivityId], [CustomerMarketId], [Deactivated]) VALUES (394, 21, 27, 0)
INSERT INTO [BusinessActivityCustomerMarketMapping] ([Id], [BusinessActivityId], [CustomerMarketId], [Deactivated]) VALUES (395, 21, 28, 0)
INSERT INTO [BusinessActivityCustomerMarketMapping] ([Id], [BusinessActivityId], [CustomerMarketId], [Deactivated]) VALUES (396, 21, 29, 0)
INSERT INTO [BusinessActivityCustomerMarketMapping] ([Id], [BusinessActivityId], [CustomerMarketId], [Deactivated]) VALUES (397, 21, 30, 0)
INSERT INTO [BusinessActivityCustomerMarketMapping] ([Id], [BusinessActivityId], [CustomerMarketId], [Deactivated]) VALUES (398, 21, 31, 0)
INSERT INTO [BusinessActivityCustomerMarketMapping] ([Id], [BusinessActivityId], [CustomerMarketId], [Deactivated]) VALUES (399, 21, 32, 0)
INSERT INTO [BusinessActivityCustomerMarketMapping] ([Id], [BusinessActivityId], [CustomerMarketId], [Deactivated]) VALUES (400, 21, 33, 0)
INSERT INTO [BusinessActivityCustomerMarketMapping] ([Id], [BusinessActivityId], [CustomerMarketId], [Deactivated]) VALUES (401, 21, 34, 0)
INSERT INTO [BusinessActivityCustomerMarketMapping] ([Id], [BusinessActivityId], [CustomerMarketId], [Deactivated]) VALUES (402, 21, 35, 0)
INSERT INTO [BusinessActivityCustomerMarketMapping] ([Id], [BusinessActivityId], [CustomerMarketId], [Deactivated]) VALUES (403, 21, 36, 0)
INSERT INTO [BusinessActivityCustomerMarketMapping] ([Id], [BusinessActivityId], [CustomerMarketId], [Deactivated]) VALUES (404, 21, 37, 0)
INSERT INTO [BusinessActivityCustomerMarketMapping] ([Id], [BusinessActivityId], [CustomerMarketId], [Deactivated]) VALUES (405, 21, 38, 0)
INSERT INTO [BusinessActivityCustomerMarketMapping] ([Id], [BusinessActivityId], [CustomerMarketId], [Deactivated]) VALUES (406, 21, 39, 0)
INSERT INTO [BusinessActivityCustomerMarketMapping] ([Id], [BusinessActivityId], [CustomerMarketId], [Deactivated]) VALUES (407, 21, 40, 0)
INSERT INTO [BusinessActivityCustomerMarketMapping] ([Id], [BusinessActivityId], [CustomerMarketId], [Deactivated]) VALUES (408, 21, 41, 0)
INSERT INTO [BusinessActivityCustomerMarketMapping] ([Id], [BusinessActivityId], [CustomerMarketId], [Deactivated]) VALUES (409, 21, 42, 0)
INSERT INTO [BusinessActivityCustomerMarketMapping] ([Id], [BusinessActivityId], [CustomerMarketId], [Deactivated]) VALUES (410, 21, 43, 0)
INSERT INTO [BusinessActivityCustomerMarketMapping] ([Id], [BusinessActivityId], [CustomerMarketId], [Deactivated]) VALUES (411, 21, 44, 0)
INSERT INTO [BusinessActivityCustomerMarketMapping] ([Id], [BusinessActivityId], [CustomerMarketId], [Deactivated]) VALUES (412, 21, 45, 0)
INSERT INTO [BusinessActivityCustomerMarketMapping] ([Id], [BusinessActivityId], [CustomerMarketId], [Deactivated]) VALUES (413, 21, 46, 0)
INSERT INTO [BusinessActivityCustomerMarketMapping] ([Id], [BusinessActivityId], [CustomerMarketId], [Deactivated]) VALUES (414, 21, 47, 0)
INSERT INTO [BusinessActivityCustomerMarketMapping] ([Id], [BusinessActivityId], [CustomerMarketId], [Deactivated]) VALUES (415, 21, 48, 0)
INSERT INTO [BusinessActivityCustomerMarketMapping] ([Id], [BusinessActivityId], [CustomerMarketId], [Deactivated]) VALUES (416, 21, 49, 0)
INSERT INTO [BusinessActivityCustomerMarketMapping] ([Id], [BusinessActivityId], [CustomerMarketId], [Deactivated]) VALUES (417, 21, 50, 0)
INSERT INTO [BusinessActivityCustomerMarketMapping] ([Id], [BusinessActivityId], [CustomerMarketId], [Deactivated]) VALUES (418, 21, 51, 0)
INSERT INTO [BusinessActivityCustomerMarketMapping] ([Id], [BusinessActivityId], [CustomerMarketId], [Deactivated]) VALUES (419, 21, 52, 0)
INSERT INTO [BusinessActivityCustomerMarketMapping] ([Id], [BusinessActivityId], [CustomerMarketId], [Deactivated]) VALUES (420, 21, 53, 0)
INSERT INTO [BusinessActivityCustomerMarketMapping] ([Id], [BusinessActivityId], [CustomerMarketId], [Deactivated]) VALUES (421, 21, 54, 0)
INSERT INTO [BusinessActivityCustomerMarketMapping] ([Id], [BusinessActivityId], [CustomerMarketId], [Deactivated]) VALUES (422, 21, 55, 0)
INSERT INTO [BusinessActivityCustomerMarketMapping] ([Id], [BusinessActivityId], [CustomerMarketId], [Deactivated]) VALUES (423, 21, 56, 0)
INSERT INTO [BusinessActivityCustomerMarketMapping] ([Id], [BusinessActivityId], [CustomerMarketId], [Deactivated]) VALUES (424, 21, 57, 0)
INSERT INTO [BusinessActivityCustomerMarketMapping] ([Id], [BusinessActivityId], [CustomerMarketId], [Deactivated]) VALUES (425, 21, 58, 0)
INSERT INTO [BusinessActivityCustomerMarketMapping] ([Id], [BusinessActivityId], [CustomerMarketId], [Deactivated]) VALUES (426, 21, 59, 0)
INSERT INTO [BusinessActivityCustomerMarketMapping] ([Id], [BusinessActivityId], [CustomerMarketId], [Deactivated]) VALUES (427, 21, 60, 0)
INSERT INTO [BusinessActivityCustomerMarketMapping] ([Id], [BusinessActivityId], [CustomerMarketId], [Deactivated]) VALUES (428, 22, 1, 0)
INSERT INTO [BusinessActivityCustomerMarketMapping] ([Id], [BusinessActivityId], [CustomerMarketId], [Deactivated]) VALUES (429, 22, 2, 0)
INSERT INTO [BusinessActivityCustomerMarketMapping] ([Id], [BusinessActivityId], [CustomerMarketId], [Deactivated]) VALUES (430, 22, 3, 0)
INSERT INTO [BusinessActivityCustomerMarketMapping] ([Id], [BusinessActivityId], [CustomerMarketId], [Deactivated]) VALUES (431, 22, 4, 0)
INSERT INTO [BusinessActivityCustomerMarketMapping] ([Id], [BusinessActivityId], [CustomerMarketId], [Deactivated]) VALUES (432, 22, 5, 0)
INSERT INTO [BusinessActivityCustomerMarketMapping] ([Id], [BusinessActivityId], [CustomerMarketId], [Deactivated]) VALUES (433, 22, 6, 0)
INSERT INTO [BusinessActivityCustomerMarketMapping] ([Id], [BusinessActivityId], [CustomerMarketId], [Deactivated]) VALUES (434, 22, 7, 0)
INSERT INTO [BusinessActivityCustomerMarketMapping] ([Id], [BusinessActivityId], [CustomerMarketId], [Deactivated]) VALUES (435, 22, 8, 0)
INSERT INTO [BusinessActivityCustomerMarketMapping] ([Id], [BusinessActivityId], [CustomerMarketId], [Deactivated]) VALUES (436, 22, 9, 0)
INSERT INTO [BusinessActivityCustomerMarketMapping] ([Id], [BusinessActivityId], [CustomerMarketId], [Deactivated]) VALUES (437, 22, 11, 0)
INSERT INTO [BusinessActivityCustomerMarketMapping] ([Id], [BusinessActivityId], [CustomerMarketId], [Deactivated]) VALUES (438, 22, 12, 0)
INSERT INTO [BusinessActivityCustomerMarketMapping] ([Id], [BusinessActivityId], [CustomerMarketId], [Deactivated]) VALUES (439, 22, 13, 0)
INSERT INTO [BusinessActivityCustomerMarketMapping] ([Id], [BusinessActivityId], [CustomerMarketId], [Deactivated]) VALUES (440, 22, 14, 0)
INSERT INTO [BusinessActivityCustomerMarketMapping] ([Id], [BusinessActivityId], [CustomerMarketId], [Deactivated]) VALUES (441, 22, 15, 0)
INSERT INTO [BusinessActivityCustomerMarketMapping] ([Id], [BusinessActivityId], [CustomerMarketId], [Deactivated]) VALUES (442, 22, 16, 0)
INSERT INTO [BusinessActivityCustomerMarketMapping] ([Id], [BusinessActivityId], [CustomerMarketId], [Deactivated]) VALUES (443, 22, 17, 0)
INSERT INTO [BusinessActivityCustomerMarketMapping] ([Id], [BusinessActivityId], [CustomerMarketId], [Deactivated]) VALUES (444, 22, 18, 0)
INSERT INTO [BusinessActivityCustomerMarketMapping] ([Id], [BusinessActivityId], [CustomerMarketId], [Deactivated]) VALUES (445, 22, 19, 0)
INSERT INTO [BusinessActivityCustomerMarketMapping] ([Id], [BusinessActivityId], [CustomerMarketId], [Deactivated]) VALUES (446, 22, 20, 0)
INSERT INTO [BusinessActivityCustomerMarketMapping] ([Id], [BusinessActivityId], [CustomerMarketId], [Deactivated]) VALUES (447, 22, 21, 0)
INSERT INTO [BusinessActivityCustomerMarketMapping] ([Id], [BusinessActivityId], [CustomerMarketId], [Deactivated]) VALUES (448, 22, 22, 0)
INSERT INTO [BusinessActivityCustomerMarketMapping] ([Id], [BusinessActivityId], [CustomerMarketId], [Deactivated]) VALUES (449, 22, 23, 0)
INSERT INTO [BusinessActivityCustomerMarketMapping] ([Id], [BusinessActivityId], [CustomerMarketId], [Deactivated]) VALUES (450, 22, 24, 0)
INSERT INTO [BusinessActivityCustomerMarketMapping] ([Id], [BusinessActivityId], [CustomerMarketId], [Deactivated]) VALUES (451, 22, 25, 0)
INSERT INTO [BusinessActivityCustomerMarketMapping] ([Id], [BusinessActivityId], [CustomerMarketId], [Deactivated]) VALUES (452, 22, 26, 0)
INSERT INTO [BusinessActivityCustomerMarketMapping] ([Id], [BusinessActivityId], [CustomerMarketId], [Deactivated]) VALUES (453, 22, 27, 0)
INSERT INTO [BusinessActivityCustomerMarketMapping] ([Id], [BusinessActivityId], [CustomerMarketId], [Deactivated]) VALUES (454, 22, 28, 0)
INSERT INTO [BusinessActivityCustomerMarketMapping] ([Id], [BusinessActivityId], [CustomerMarketId], [Deactivated]) VALUES (455, 22, 29, 0)
INSERT INTO [BusinessActivityCustomerMarketMapping] ([Id], [BusinessActivityId], [CustomerMarketId], [Deactivated]) VALUES (456, 22, 30, 0)
INSERT INTO [BusinessActivityCustomerMarketMapping] ([Id], [BusinessActivityId], [CustomerMarketId], [Deactivated]) VALUES (457, 22, 31, 0)
INSERT INTO [BusinessActivityCustomerMarketMapping] ([Id], [BusinessActivityId], [CustomerMarketId], [Deactivated]) VALUES (458, 22, 32, 0)
INSERT INTO [BusinessActivityCustomerMarketMapping] ([Id], [BusinessActivityId], [CustomerMarketId], [Deactivated]) VALUES (459, 22, 33, 0)
INSERT INTO [BusinessActivityCustomerMarketMapping] ([Id], [BusinessActivityId], [CustomerMarketId], [Deactivated]) VALUES (460, 22, 34, 0)
INSERT INTO [BusinessActivityCustomerMarketMapping] ([Id], [BusinessActivityId], [CustomerMarketId], [Deactivated]) VALUES (461, 22, 35, 0)
INSERT INTO [BusinessActivityCustomerMarketMapping] ([Id], [BusinessActivityId], [CustomerMarketId], [Deactivated]) VALUES (462, 22, 36, 0)
INSERT INTO [BusinessActivityCustomerMarketMapping] ([Id], [BusinessActivityId], [CustomerMarketId], [Deactivated]) VALUES (463, 22, 37, 0)
INSERT INTO [BusinessActivityCustomerMarketMapping] ([Id], [BusinessActivityId], [CustomerMarketId], [Deactivated]) VALUES (464, 22, 38, 0)
INSERT INTO [BusinessActivityCustomerMarketMapping] ([Id], [BusinessActivityId], [CustomerMarketId], [Deactivated]) VALUES (465, 22, 39, 0)
INSERT INTO [BusinessActivityCustomerMarketMapping] ([Id], [BusinessActivityId], [CustomerMarketId], [Deactivated]) VALUES (466, 22, 40, 0)
INSERT INTO [BusinessActivityCustomerMarketMapping] ([Id], [BusinessActivityId], [CustomerMarketId], [Deactivated]) VALUES (467, 22, 41, 0)
INSERT INTO [BusinessActivityCustomerMarketMapping] ([Id], [BusinessActivityId], [CustomerMarketId], [Deactivated]) VALUES (468, 22, 42, 0)
INSERT INTO [BusinessActivityCustomerMarketMapping] ([Id], [BusinessActivityId], [CustomerMarketId], [Deactivated]) VALUES (469, 22, 43, 0)
INSERT INTO [BusinessActivityCustomerMarketMapping] ([Id], [BusinessActivityId], [CustomerMarketId], [Deactivated]) VALUES (470, 22, 44, 0)
INSERT INTO [BusinessActivityCustomerMarketMapping] ([Id], [BusinessActivityId], [CustomerMarketId], [Deactivated]) VALUES (471, 22, 45, 0)
INSERT INTO [BusinessActivityCustomerMarketMapping] ([Id], [BusinessActivityId], [CustomerMarketId], [Deactivated]) VALUES (472, 22, 46, 0)
INSERT INTO [BusinessActivityCustomerMarketMapping] ([Id], [BusinessActivityId], [CustomerMarketId], [Deactivated]) VALUES (473, 22, 47, 0)
INSERT INTO [BusinessActivityCustomerMarketMapping] ([Id], [BusinessActivityId], [CustomerMarketId], [Deactivated]) VALUES (474, 22, 48, 0)
INSERT INTO [BusinessActivityCustomerMarketMapping] ([Id], [BusinessActivityId], [CustomerMarketId], [Deactivated]) VALUES (475, 22, 49, 0)
INSERT INTO [BusinessActivityCustomerMarketMapping] ([Id], [BusinessActivityId], [CustomerMarketId], [Deactivated]) VALUES (476, 22, 50, 0)
INSERT INTO [BusinessActivityCustomerMarketMapping] ([Id], [BusinessActivityId], [CustomerMarketId], [Deactivated]) VALUES (477, 22, 51, 0)
INSERT INTO [BusinessActivityCustomerMarketMapping] ([Id], [BusinessActivityId], [CustomerMarketId], [Deactivated]) VALUES (478, 22, 52, 0)
INSERT INTO [BusinessActivityCustomerMarketMapping] ([Id], [BusinessActivityId], [CustomerMarketId], [Deactivated]) VALUES (479, 22, 53, 0)
INSERT INTO [BusinessActivityCustomerMarketMapping] ([Id], [BusinessActivityId], [CustomerMarketId], [Deactivated]) VALUES (480, 22, 54, 0)
INSERT INTO [BusinessActivityCustomerMarketMapping] ([Id], [BusinessActivityId], [CustomerMarketId], [Deactivated]) VALUES (481, 22, 55, 0)
INSERT INTO [BusinessActivityCustomerMarketMapping] ([Id], [BusinessActivityId], [CustomerMarketId], [Deactivated]) VALUES (482, 22, 56, 0)
INSERT INTO [BusinessActivityCustomerMarketMapping] ([Id], [BusinessActivityId], [CustomerMarketId], [Deactivated]) VALUES (483, 22, 57, 0)
INSERT INTO [BusinessActivityCustomerMarketMapping] ([Id], [BusinessActivityId], [CustomerMarketId], [Deactivated]) VALUES (484, 22, 58, 0)
INSERT INTO [BusinessActivityCustomerMarketMapping] ([Id], [BusinessActivityId], [CustomerMarketId], [Deactivated]) VALUES (485, 22, 59, 0)
INSERT INTO [BusinessActivityCustomerMarketMapping] ([Id], [BusinessActivityId], [CustomerMarketId], [Deactivated]) VALUES (486, 22, 60, 0)
INSERT INTO [BusinessActivityCustomerMarketMapping] ([Id], [BusinessActivityId], [CustomerMarketId], [Deactivated]) VALUES (487, 23, 10, 0)
INSERT INTO [BusinessActivityCustomerMarketMapping] ([Id], [BusinessActivityId], [CustomerMarketId], [Deactivated]) VALUES (488, 24, 10, 0)
INSERT INTO [BusinessActivityCustomerMarketMapping] ([Id], [BusinessActivityId], [CustomerMarketId], [Deactivated]) VALUES (489, 25, 10, 0)
INSERT INTO [BusinessActivityCustomerMarketMapping] ([Id], [BusinessActivityId], [CustomerMarketId], [Deactivated]) VALUES (490, 26, 10, 0)
INSERT INTO [BusinessActivityCustomerMarketMapping] ([Id], [BusinessActivityId], [CustomerMarketId], [Deactivated]) VALUES (491, 27, 10, 0)
INSERT INTO [BusinessActivityCustomerMarketMapping] ([Id], [BusinessActivityId], [CustomerMarketId], [Deactivated]) VALUES (492, 28, 10, 0)
INSERT INTO [BusinessActivityCustomerMarketMapping] ([Id], [BusinessActivityId], [CustomerMarketId], [Deactivated]) VALUES (493, 29, 10, 0)
INSERT INTO [BusinessActivityCustomerMarketMapping] ([Id], [BusinessActivityId], [CustomerMarketId], [Deactivated]) VALUES (494, 30, 10, 0)
INSERT INTO [BusinessActivityCustomerMarketMapping] ([Id], [BusinessActivityId], [CustomerMarketId], [Deactivated]) VALUES (495, 31, 10, 0)
INSERT INTO [BusinessActivityCustomerMarketMapping] ([Id], [BusinessActivityId], [CustomerMarketId], [Deactivated]) VALUES (496, 32, 10, 0)
INSERT INTO [BusinessActivityCustomerMarketMapping] ([Id], [BusinessActivityId], [CustomerMarketId], [Deactivated]) VALUES (497, 33, 10, 0)
INSERT INTO [BusinessActivityCustomerMarketMapping] ([Id], [BusinessActivityId], [CustomerMarketId], [Deactivated]) VALUES (498, 34, 10, 0)
INSERT INTO [BusinessActivityCustomerMarketMapping] ([Id], [BusinessActivityId], [CustomerMarketId], [Deactivated]) VALUES (499, 35, 10, 0)
INSERT INTO [BusinessActivityCustomerMarketMapping] ([Id], [BusinessActivityId], [CustomerMarketId], [Deactivated]) VALUES (500, 36, 10, 0)
INSERT INTO [BusinessActivityCustomerMarketMapping] ([Id], [BusinessActivityId], [CustomerMarketId], [Deactivated]) VALUES (501, 37, 10, 0)
INSERT INTO [BusinessActivityCustomerMarketMapping] ([Id], [BusinessActivityId], [CustomerMarketId], [Deactivated]) VALUES (502, 38, 10, 0)
INSERT INTO [BusinessActivityCustomerMarketMapping] ([Id], [BusinessActivityId], [CustomerMarketId], [Deactivated]) VALUES (503, 39, 10, 0)
INSERT INTO [BusinessActivityCustomerMarketMapping] ([Id], [BusinessActivityId], [CustomerMarketId], [Deactivated]) VALUES (504, 40, 10, 0)
INSERT INTO [BusinessActivityCustomerMarketMapping] ([Id], [BusinessActivityId], [CustomerMarketId], [Deactivated]) VALUES (505, 41, 10, 0)
INSERT INTO [BusinessActivityCustomerMarketMapping] ([Id], [BusinessActivityId], [CustomerMarketId], [Deactivated]) VALUES (506, 42, 10, 0)
SET IDENTITY_INSERT [BusinessActivityCustomerMarketMapping] OFF

--PaymentRequestRejectionReasons
SET IDENTITY_INSERT [PaymentRequestRejectionReasons] ON
INSERT INTO [PaymentRequestRejectionReasons] ([Id], [Reason], [Type]) VALUES (1, N'Travel/Trip Cancelled', N'ADVANCE')
INSERT INTO [PaymentRequestRejectionReasons] ([Id], [Reason], [Type]) VALUES (2, N'Excess Funds Requested', N'ADVANCE')
INSERT INTO [PaymentRequestRejectionReasons] ([Id], [Reason], [Type]) VALUES (3, N'Put on Hold', N'ADVANCE')
INSERT INTO [PaymentRequestRejectionReasons] ([Id], [Reason], [Type]) VALUES (4, N'Other', N'ADVANCE')
INSERT INTO [PaymentRequestRejectionReasons] ([Id], [Reason], [Type]) VALUES (5, N'Expense without supporting', N'REIMBURSEMENT')
INSERT INTO [PaymentRequestRejectionReasons] ([Id], [Reason], [Type]) VALUES (6, N'Variance in Claim and Supporting', N'REIMBURSEMENT')
INSERT INTO [PaymentRequestRejectionReasons] ([Id], [Reason], [Type]) VALUES (7, N'Put on Hold', N'REIMBURSEMENT')
INSERT INTO [PaymentRequestRejectionReasons] ([Id], [Reason], [Type]) VALUES (8, N'Late submission', N'REIMBURSEMENT')
INSERT INTO [PaymentRequestRejectionReasons] ([Id], [Reason], [Type]) VALUES (9, N'Prior approval not taken for expenses', N'REIMBURSEMENT')
INSERT INTO [PaymentRequestRejectionReasons] ([Id], [Reason], [Type]) VALUES (10, N'Expenses not as per expense Policy', N'REIMBURSEMENT')
INSERT INTO [PaymentRequestRejectionReasons] ([Id], [Reason], [Type]) VALUES (11, N'Other', N'REIMBURSEMENT')
SET IDENTITY_INSERT [PaymentRequestRejectionReasons] OFF

------
--HR--
------

--Leave Accounting Periods
SET IDENTITY_INSERT [LeaveAccountingPeriods] ON
INSERT INTO [LeaveAccountingPeriods] ([Id], [Name], [StartDate], [EndDate], [Active], [NumberOfDaysOfLeave], [Deactivated], [MaxCarryForwardFromLastYear]) VALUES (1, N'2020', N'2020-01-01 00:00:00', N'2020-12-31 00:00:00', 1, 25, 0, 5)
SET IDENTITY_INSERT [LeaveAccountingPeriods] OFF

SET IDENTITY_INSERT [LeaveRejectionReasons] ON
INSERT INTO [LeaveRejectionReasons] ([Id], [Text], [Deactivated]) VALUES (1, N'Other team members on Leave', 0)
INSERT INTO [LeaveRejectionReasons] ([Id], [Text], [Deactivated]) VALUES (2, N'Important work Pending', 0)
INSERT INTO [LeaveRejectionReasons] ([Id], [Text], [Deactivated]) VALUES (3, N'Short Intimation', 0)
INSERT INTO [LeaveRejectionReasons] ([Id], [Text], [Deactivated]) VALUES (4, N'Audits', 0)
INSERT INTO [LeaveRejectionReasons] ([Id], [Text], [Deactivated]) VALUES (5, N'Frequent leaves Taken', 0)
INSERT INTO [LeaveRejectionReasons] ([Id], [Text], [Deactivated]) VALUES (6, N'Leave taken without Intimation/Approval', 0)
INSERT INTO [LeaveRejectionReasons] ([Id], [Text], [Deactivated]) VALUES (7, N'Other', 0)
SET IDENTITY_INSERT [LeaveRejectionReasons] OFF

SET IDENTITY_INSERT [LeaveTypes] ON
INSERT INTO [LeaveTypes] ([Id], [Name], [Paid], [Limit], [Order], [IsMaternity], [IsMission], [IsCommon], [Deactivated]) VALUES (1, N'Paid Leave', 1, 1, 1, 0, 0, 1, 0)
INSERT INTO [LeaveTypes] ([Id], [Name], [Paid], [Limit], [Order], [IsMaternity], [IsMission], [IsCommon], [Deactivated]) VALUES (2, N'Comp Off', 1, 0, 2, 0, 0, 0, 0)
INSERT INTO [LeaveTypes] ([Id], [Name], [Paid], [Limit], [Order], [IsMaternity], [IsMission], [IsCommon], [Deactivated]) VALUES (3, N'Leave Without Pay', 0, 0, 3, 0, 0, 1, 0)
INSERT INTO [LeaveTypes] ([Id], [Name], [Paid], [Limit], [Order], [IsMaternity], [IsMission], [IsCommon], [Deactivated]) VALUES (4, N'Maternity Leave', 1, 0, 4, 1, 0, 0, 0)
INSERT INTO [LeaveTypes] ([Id], [Name], [Paid], [Limit], [Order], [IsMaternity], [IsMission], [IsCommon], [Deactivated]) VALUES (5, N'Mission', 1, 0, 5, 0, 1, 0, 0)
SET IDENTITY_INSERT [LeaveTypes] OFF

SET IDENTITY_INSERT [LeaveCategories] ON
INSERT INTO [LeaveCategories] ([Id], [Text], [Deactivated]) VALUES (1, N'PLANNED', 0)
INSERT INTO [LeaveCategories] ([Id], [Text], [Deactivated]) VALUES (2, N'UNPLANNED', 0)
INSERT INTO [LeaveCategories] ([Id], [Text], [Deactivated]) VALUES (3, N'LWP', 0)
INSERT INTO [LeaveCategories] ([Id], [Text], [Deactivated]) VALUES (4, N'MATERNITY', 0)
INSERT INTO [LeaveCategories] ([Id], [Text], [Deactivated]) VALUES (5, N'MISSION', 0)
SET IDENTITY_INSERT [LeaveCategories] OFF


SET IDENTITY_INSERT [LeaveSubCategories] ON
INSERT INTO [LeaveSubCategories] ([Id], [Text], [Deactivated]) VALUES (1, N'VACATION', 0)
INSERT INTO [LeaveSubCategories] ([Id], [Text], [Deactivated]) VALUES (2, N'CL', 0)
INSERT INTO [LeaveSubCategories] ([Id], [Text], [Deactivated]) VALUES (3, N'FAMILY OBLIGATIONS', 0)
INSERT INTO [LeaveSubCategories] ([Id], [Text], [Deactivated]) VALUES (4, N'SICK LEAVE', 0)
INSERT INTO [LeaveSubCategories] ([Id], [Text], [Deactivated]) VALUES (5, N'FAMILY EMERGENCY', 0)
INSERT INTO [LeaveSubCategories] ([Id], [Text], [Deactivated]) VALUES (6, N'LWP', 0)
INSERT INTO [LeaveSubCategories] ([Id], [Text], [Deactivated]) VALUES (7, N'MATERNITY', 0)
INSERT INTO [LeaveSubCategories] ([Id], [Text], [Deactivated]) VALUES (8, N'MISSION', 0)
SET IDENTITY_INSERT [LeaveSubCategories] OFF


SET IDENTITY_INSERT [LeaveTypeLeaveCategoryLeaveSubCategoryMapping] ON
INSERT INTO [LeaveTypeLeaveCategoryLeaveSubCategoryMapping] ([Id], [LeaveTypeId], [LeaveCategoryId], [LeaveSubCategoryId], [Deactivated]) VALUES (1, 1, 1, 1, 0)
INSERT INTO [LeaveTypeLeaveCategoryLeaveSubCategoryMapping] ([Id], [LeaveTypeId], [LeaveCategoryId], [LeaveSubCategoryId], [Deactivated]) VALUES (2, 1, 1, 2, 0)
INSERT INTO [LeaveTypeLeaveCategoryLeaveSubCategoryMapping] ([Id], [LeaveTypeId], [LeaveCategoryId], [LeaveSubCategoryId], [Deactivated]) VALUES (3, 1, 2, 3, 0)
INSERT INTO [LeaveTypeLeaveCategoryLeaveSubCategoryMapping] ([Id], [LeaveTypeId], [LeaveCategoryId], [LeaveSubCategoryId], [Deactivated]) VALUES (4, 1, 2, 4, 0)
INSERT INTO [LeaveTypeLeaveCategoryLeaveSubCategoryMapping] ([Id], [LeaveTypeId], [LeaveCategoryId], [LeaveSubCategoryId], [Deactivated]) VALUES (5, 1, 2, 5, 0)
INSERT INTO [LeaveTypeLeaveCategoryLeaveSubCategoryMapping] ([Id], [LeaveTypeId], [LeaveCategoryId], [LeaveSubCategoryId], [Deactivated]) VALUES (6, 2, 1, 1, 0)
INSERT INTO [LeaveTypeLeaveCategoryLeaveSubCategoryMapping] ([Id], [LeaveTypeId], [LeaveCategoryId], [LeaveSubCategoryId], [Deactivated]) VALUES (7, 2, 1, 2, 0)
INSERT INTO [LeaveTypeLeaveCategoryLeaveSubCategoryMapping] ([Id], [LeaveTypeId], [LeaveCategoryId], [LeaveSubCategoryId], [Deactivated]) VALUES (8, 2, 2, 3, 0)
INSERT INTO [LeaveTypeLeaveCategoryLeaveSubCategoryMapping] ([Id], [LeaveTypeId], [LeaveCategoryId], [LeaveSubCategoryId], [Deactivated]) VALUES (9, 2, 2, 4, 0)
INSERT INTO [LeaveTypeLeaveCategoryLeaveSubCategoryMapping] ([Id], [LeaveTypeId], [LeaveCategoryId], [LeaveSubCategoryId], [Deactivated]) VALUES (10, 2, 2, 5, 0)
INSERT INTO [LeaveTypeLeaveCategoryLeaveSubCategoryMapping] ([Id], [LeaveTypeId], [LeaveCategoryId], [LeaveSubCategoryId], [Deactivated]) VALUES (11, 3, 3, 6, 0)
INSERT INTO [LeaveTypeLeaveCategoryLeaveSubCategoryMapping] ([Id], [LeaveTypeId], [LeaveCategoryId], [LeaveSubCategoryId], [Deactivated]) VALUES (12, 5, 5, 8, 0)
INSERT INTO [LeaveTypeLeaveCategoryLeaveSubCategoryMapping] ([Id], [LeaveTypeId], [LeaveCategoryId], [LeaveSubCategoryId], [Deactivated]) VALUES (13, 4, 4, 7, 0)
INSERT INTO [LeaveTypeLeaveCategoryLeaveSubCategoryMapping] ([Id], [LeaveTypeId], [LeaveCategoryId], [LeaveSubCategoryId], [Deactivated]) VALUES (14, 1, 1, 4, 0)
SET IDENTITY_INSERT [LeaveTypeLeaveCategoryLeaveSubCategoryMapping] OFF

--Location wise Holidays
SET IDENTITY_INSERT [Holidays] ON
INSERT INTO [Holidays] ([Id], [HolidayDate], [Reason], [IsHalfDay], [LocationId], [Deactivated]) VALUES (1, N'2020-01-01 00:00:00', N'New Year', 0, 1, 0)
INSERT INTO [Holidays] ([Id], [HolidayDate], [Reason], [IsHalfDay], [LocationId], [Deactivated]) VALUES (2, N'2020-01-15 00:00:00', N'Makarsankranti', 0, 1, 0)
INSERT INTO [Holidays] ([Id], [HolidayDate], [Reason], [IsHalfDay], [LocationId], [Deactivated]) VALUES (3, N'2020-02-21 00:00:00', N'Mahashivratri', 0, 1, 0)
INSERT INTO [Holidays] ([Id], [HolidayDate], [Reason], [IsHalfDay], [LocationId], [Deactivated]) VALUES (4, N'2020-03-10 00:00:00', N'Holi', 0, 1, 0)
INSERT INTO [Holidays] ([Id], [HolidayDate], [Reason], [IsHalfDay], [LocationId], [Deactivated]) VALUES (5, N'2020-03-25 00:00:00', N'Gudi Padwa', 0, 1, 0)
INSERT INTO [Holidays] ([Id], [HolidayDate], [Reason], [IsHalfDay], [LocationId], [Deactivated]) VALUES (6, N'2020-04-10 00:00:00', N'Good Friday', 0, 1, 0)
INSERT INTO [Holidays] ([Id], [HolidayDate], [Reason], [IsHalfDay], [LocationId], [Deactivated]) VALUES (7, N'2020-05-01 00:00:00', N'Maharashtra Day/ Labour Day', 0, 1, 0)
INSERT INTO [Holidays] ([Id], [HolidayDate], [Reason], [IsHalfDay], [LocationId], [Deactivated]) VALUES (8, N'2020-05-25 00:00:00', N'Ramzan Eid', 0, 1, 0)
INSERT INTO [Holidays] ([Id], [HolidayDate], [Reason], [IsHalfDay], [LocationId], [Deactivated]) VALUES (9, N'2020-08-03 00:00:00', N'Rakshabandhan', 0, 1, 0)
INSERT INTO [Holidays] ([Id], [HolidayDate], [Reason], [IsHalfDay], [LocationId], [Deactivated]) VALUES (10, N'2020-08-12 00:00:00', N'Janmashtami', 0, 1, 0)
INSERT INTO [Holidays] ([Id], [HolidayDate], [Reason], [IsHalfDay], [LocationId], [Deactivated]) VALUES (11, N'2020-09-01 00:00:00', N'Anant Chaturdashi', 0, 1, 0)
INSERT INTO [Holidays] ([Id], [HolidayDate], [Reason], [IsHalfDay], [LocationId], [Deactivated]) VALUES (12, N'2020-10-02 00:00:00', N'Gandhi Jayanti', 0, 1, 0)
INSERT INTO [Holidays] ([Id], [HolidayDate], [Reason], [IsHalfDay], [LocationId], [Deactivated]) VALUES (13, N'2020-11-13 00:00:00', N'Dhanteras (Diwali)', 0, 1, 0)
INSERT INTO [Holidays] ([Id], [HolidayDate], [Reason], [IsHalfDay], [LocationId], [Deactivated]) VALUES (14, N'2020-11-16 00:00:00', N'Bhaiduj', 0, 1, 0)
INSERT INTO [Holidays] ([Id], [HolidayDate], [Reason], [IsHalfDay], [LocationId], [Deactivated]) VALUES (15, N'2020-12-25 00:00:00', N'Christmas', 0, 1, 0)
INSERT INTO [Holidays] ([Id], [HolidayDate], [Reason], [IsHalfDay], [LocationId], [Deactivated]) VALUES (16, N'2020-01-01 00:00:00', N'New Year', 0, 2, 0)
INSERT INTO [Holidays] ([Id], [HolidayDate], [Reason], [IsHalfDay], [LocationId], [Deactivated]) VALUES (17, N'2020-01-15 00:00:00', N'Makarsankranti', 0, 2, 0)
INSERT INTO [Holidays] ([Id], [HolidayDate], [Reason], [IsHalfDay], [LocationId], [Deactivated]) VALUES (18, N'2020-02-21 00:00:00', N'Maha Shivratri', 0, 2, 0)
INSERT INTO [Holidays] ([Id], [HolidayDate], [Reason], [IsHalfDay], [LocationId], [Deactivated]) VALUES (19, N'2020-03-10 00:00:00', N'Holi', 0, 2, 0)
INSERT INTO [Holidays] ([Id], [HolidayDate], [Reason], [IsHalfDay], [LocationId], [Deactivated]) VALUES (20, N'2020-03-25 00:00:00', N'Gudi Padwa', 0, 2, 0)
INSERT INTO [Holidays] ([Id], [HolidayDate], [Reason], [IsHalfDay], [LocationId], [Deactivated]) VALUES (21, N'2020-04-10 00:00:00', N'Good Friday', 0, 2, 0)
INSERT INTO [Holidays] ([Id], [HolidayDate], [Reason], [IsHalfDay], [LocationId], [Deactivated]) VALUES (22, N'2020-05-01 00:00:00', N'Labour Day ', 0, 2, 0)
INSERT INTO [Holidays] ([Id], [HolidayDate], [Reason], [IsHalfDay], [LocationId], [Deactivated]) VALUES (23, N'2020-05-25 00:00:00', N'Ramzan Eid', 0, 2, 0)
INSERT INTO [Holidays] ([Id], [HolidayDate], [Reason], [IsHalfDay], [LocationId], [Deactivated]) VALUES (24, N'2020-08-03 00:00:00', N'Rakshabandhan', 0, 2, 0)
INSERT INTO [Holidays] ([Id], [HolidayDate], [Reason], [IsHalfDay], [LocationId], [Deactivated]) VALUES (25, N'2020-08-12 00:00:00', N'Janmashtami', 0, 2, 0)
INSERT INTO [Holidays] ([Id], [HolidayDate], [Reason], [IsHalfDay], [LocationId], [Deactivated]) VALUES (26, N'2020-09-01 00:00:00', N'Anant Chaturdashi', 0, 2, 0)
INSERT INTO [Holidays] ([Id], [HolidayDate], [Reason], [IsHalfDay], [LocationId], [Deactivated]) VALUES (27, N'2020-10-02 00:00:00', N'Gandhi Jayanti', 0, 2, 0)
INSERT INTO [Holidays] ([Id], [HolidayDate], [Reason], [IsHalfDay], [LocationId], [Deactivated]) VALUES (28, N'2020-11-13 00:00:00', N'Diwali/ Dhanteras', 0, 2, 0)
INSERT INTO [Holidays] ([Id], [HolidayDate], [Reason], [IsHalfDay], [LocationId], [Deactivated]) VALUES (29, N'2020-11-16 00:00:00', N'Bhaiduj', 0, 2, 0)
INSERT INTO [Holidays] ([Id], [HolidayDate], [Reason], [IsHalfDay], [LocationId], [Deactivated]) VALUES (30, N'2020-12-25 00:00:00', N'Christmas', 0, 2, 0)
INSERT INTO [Holidays] ([Id], [HolidayDate], [Reason], [IsHalfDay], [LocationId], [Deactivated]) VALUES (31, N'2020-01-01 00:00:00', N'New Year', 0, 3, 0)
INSERT INTO [Holidays] ([Id], [HolidayDate], [Reason], [IsHalfDay], [LocationId], [Deactivated]) VALUES (32, N'2020-01-15 00:00:00', N'Makarsankranti', 0, 3, 0)
INSERT INTO [Holidays] ([Id], [HolidayDate], [Reason], [IsHalfDay], [LocationId], [Deactivated]) VALUES (33, N'2020-01-16 00:00:00', N'Kanuma', 0, 3, 0)
INSERT INTO [Holidays] ([Id], [HolidayDate], [Reason], [IsHalfDay], [LocationId], [Deactivated]) VALUES (34, N'2020-02-21 00:00:00', N'Mahashivratri', 0, 3, 0)
INSERT INTO [Holidays] ([Id], [HolidayDate], [Reason], [IsHalfDay], [LocationId], [Deactivated]) VALUES (35, N'2020-03-10 00:00:00', N'Holi', 0, 3, 0)
INSERT INTO [Holidays] ([Id], [HolidayDate], [Reason], [IsHalfDay], [LocationId], [Deactivated]) VALUES (36, N'2020-03-25 00:00:00', N'Ugadi', 0, 3, 0)
INSERT INTO [Holidays] ([Id], [HolidayDate], [Reason], [IsHalfDay], [LocationId], [Deactivated]) VALUES (37, N'2020-04-10 00:00:00', N'Good Friday', 0, 3, 0)
INSERT INTO [Holidays] ([Id], [HolidayDate], [Reason], [IsHalfDay], [LocationId], [Deactivated]) VALUES (38, N'2020-05-01 00:00:00', N'Labour Day', 0, 3, 0)
INSERT INTO [Holidays] ([Id], [HolidayDate], [Reason], [IsHalfDay], [LocationId], [Deactivated]) VALUES (39, N'2020-05-25 00:00:00', N'Ramzan Eid', 0, 3, 0)
INSERT INTO [Holidays] ([Id], [HolidayDate], [Reason], [IsHalfDay], [LocationId], [Deactivated]) VALUES (40, N'2020-08-03 00:00:00', N'Rakshabandhan', 0, 3, 0)
INSERT INTO [Holidays] ([Id], [HolidayDate], [Reason], [IsHalfDay], [LocationId], [Deactivated]) VALUES (41, N'2020-08-15 00:00:00', N'Independance Day', 0, 3, 0)
INSERT INTO [Holidays] ([Id], [HolidayDate], [Reason], [IsHalfDay], [LocationId], [Deactivated]) VALUES (42, N'2020-10-02 00:00:00', N'Gandhi Jayanti', 0, 3, 0)
INSERT INTO [Holidays] ([Id], [HolidayDate], [Reason], [IsHalfDay], [LocationId], [Deactivated]) VALUES (43, N'2020-11-13 00:00:00', N'Diwali/ Dhanteras', 0, 3, 0)
INSERT INTO [Holidays] ([Id], [HolidayDate], [Reason], [IsHalfDay], [LocationId], [Deactivated]) VALUES (44, N'2020-11-14 00:00:00', N'Diwali', 0, 3, 0)
INSERT INTO [Holidays] ([Id], [HolidayDate], [Reason], [IsHalfDay], [LocationId], [Deactivated]) VALUES (45, N'2020-12-25 00:00:00', N'Christmas', 0, 3, 0)
INSERT INTO [Holidays] ([Id], [HolidayDate], [Reason], [IsHalfDay], [LocationId], [Deactivated]) VALUES (46, N'2020-01-01 00:00:00', N'New Year', 0, 4, 0)
INSERT INTO [Holidays] ([Id], [HolidayDate], [Reason], [IsHalfDay], [LocationId], [Deactivated]) VALUES (47, N'2020-01-14 00:00:00', N'Makarsankranti', 0, 4, 0)
INSERT INTO [Holidays] ([Id], [HolidayDate], [Reason], [IsHalfDay], [LocationId], [Deactivated]) VALUES (48, N'2020-02-21 00:00:00', N'Mahashivratri', 0, 4, 0)
INSERT INTO [Holidays] ([Id], [HolidayDate], [Reason], [IsHalfDay], [LocationId], [Deactivated]) VALUES (49, N'2020-03-10 00:00:00', N'Holi', 0, 4, 0)
INSERT INTO [Holidays] ([Id], [HolidayDate], [Reason], [IsHalfDay], [LocationId], [Deactivated]) VALUES (50, N'2020-03-13 00:00:00', N'Rang-Panchami', 0, 4, 0)
INSERT INTO [Holidays] ([Id], [HolidayDate], [Reason], [IsHalfDay], [LocationId], [Deactivated]) VALUES (51, N'2020-04-10 00:00:00', N'Good Friday', 0, 4, 0)
INSERT INTO [Holidays] ([Id], [HolidayDate], [Reason], [IsHalfDay], [LocationId], [Deactivated]) VALUES (52, N'2020-05-01 00:00:00', N'Labour Day', 0, 4, 0)
INSERT INTO [Holidays] ([Id], [HolidayDate], [Reason], [IsHalfDay], [LocationId], [Deactivated]) VALUES (53, N'2020-05-25 00:00:00', N'Ramzan Eid', 0, 4, 0)
INSERT INTO [Holidays] ([Id], [HolidayDate], [Reason], [IsHalfDay], [LocationId], [Deactivated]) VALUES (54, N'2020-08-03 00:00:00', N'Rakshabandhan', 0, 4, 0)
INSERT INTO [Holidays] ([Id], [HolidayDate], [Reason], [IsHalfDay], [LocationId], [Deactivated]) VALUES (55, N'2020-08-12 00:00:00', N'Krishna Janmashtami', 0, 4, 0)
INSERT INTO [Holidays] ([Id], [HolidayDate], [Reason], [IsHalfDay], [LocationId], [Deactivated]) VALUES (56, N'2020-10-02 00:00:00', N'Gandhi Jayanti', 0, 4, 0)
INSERT INTO [Holidays] ([Id], [HolidayDate], [Reason], [IsHalfDay], [LocationId], [Deactivated]) VALUES (57, N'2020-11-13 00:00:00', N'Diwali/ Dhanteras', 0, 4, 0)
INSERT INTO [Holidays] ([Id], [HolidayDate], [Reason], [IsHalfDay], [LocationId], [Deactivated]) VALUES (58, N'2020-11-14 00:00:00', N'Diwali', 0, 4, 0)
INSERT INTO [Holidays] ([Id], [HolidayDate], [Reason], [IsHalfDay], [LocationId], [Deactivated]) VALUES (59, N'2020-11-16 00:00:00', N'Bhaiduj', 0, 4, 0)
INSERT INTO [Holidays] ([Id], [HolidayDate], [Reason], [IsHalfDay], [LocationId], [Deactivated]) VALUES (60, N'2020-12-25 00:00:00', N'Christmas', 0, 4, 0)
INSERT INTO [Holidays] ([Id], [HolidayDate], [Reason], [IsHalfDay], [LocationId], [Deactivated]) VALUES (61, N'2020-01-01 00:00:00', N'New Year', 0, 5, 0)
INSERT INTO [Holidays] ([Id], [HolidayDate], [Reason], [IsHalfDay], [LocationId], [Deactivated]) VALUES (62, N'2020-01-15 00:00:00', N'Pongal', 0, 5, 0)
INSERT INTO [Holidays] ([Id], [HolidayDate], [Reason], [IsHalfDay], [LocationId], [Deactivated]) VALUES (63, N'2020-01-16 00:00:00', N'Thiruvalluvar Day', 0, 5, 0)
INSERT INTO [Holidays] ([Id], [HolidayDate], [Reason], [IsHalfDay], [LocationId], [Deactivated]) VALUES (64, N'2020-01-17 00:00:00', N'Uzhavar Tirunal', 0, 5, 0)
INSERT INTO [Holidays] ([Id], [HolidayDate], [Reason], [IsHalfDay], [LocationId], [Deactivated]) VALUES (65, N'2020-02-21 00:00:00', N'Mahashivratri', 0, 5, 0)
INSERT INTO [Holidays] ([Id], [HolidayDate], [Reason], [IsHalfDay], [LocationId], [Deactivated]) VALUES (66, N'2020-03-10 00:00:00', N'Holi', 0, 5, 0)
INSERT INTO [Holidays] ([Id], [HolidayDate], [Reason], [IsHalfDay], [LocationId], [Deactivated]) VALUES (67, N'2020-04-10 00:00:00', N'Good Friday', 0, 5, 0)
INSERT INTO [Holidays] ([Id], [HolidayDate], [Reason], [IsHalfDay], [LocationId], [Deactivated]) VALUES (68, N'2020-04-14 00:00:00', N'Tamil New Year', 0, 5, 0)
INSERT INTO [Holidays] ([Id], [HolidayDate], [Reason], [IsHalfDay], [LocationId], [Deactivated]) VALUES (69, N'2020-05-01 00:00:00', N'Labour Day', 0, 5, 0)
INSERT INTO [Holidays] ([Id], [HolidayDate], [Reason], [IsHalfDay], [LocationId], [Deactivated]) VALUES (70, N'2020-05-25 00:00:00', N'Ramzan Eid', 0, 5, 0)
INSERT INTO [Holidays] ([Id], [HolidayDate], [Reason], [IsHalfDay], [LocationId], [Deactivated]) VALUES (71, N'2020-08-03 00:00:00', N'Rakshabandhan', 0, 5, 0)
INSERT INTO [Holidays] ([Id], [HolidayDate], [Reason], [IsHalfDay], [LocationId], [Deactivated]) VALUES (72, N'2020-08-22 00:00:00', N'Ganesh Chaturthi', 0, 5, 0)
INSERT INTO [Holidays] ([Id], [HolidayDate], [Reason], [IsHalfDay], [LocationId], [Deactivated]) VALUES (73, N'2020-10-02 00:00:00', N'Gandhi Jayanti', 0, 5, 0)
INSERT INTO [Holidays] ([Id], [HolidayDate], [Reason], [IsHalfDay], [LocationId], [Deactivated]) VALUES (74, N'2020-11-13 00:00:00', N'Diwali/ Dhanteras', 0, 5, 0)
INSERT INTO [Holidays] ([Id], [HolidayDate], [Reason], [IsHalfDay], [LocationId], [Deactivated]) VALUES (75, N'2020-12-25 00:00:00', N'Christmas', 0, 5, 0)
INSERT INTO [Holidays] ([Id], [HolidayDate], [Reason], [IsHalfDay], [LocationId], [Deactivated]) VALUES (76, N'2020-01-01 00:00:00', N'New Year', 0, 6, 0)
INSERT INTO [Holidays] ([Id], [HolidayDate], [Reason], [IsHalfDay], [LocationId], [Deactivated]) VALUES (77, N'2020-01-14 00:00:00', N'Makar Sankranti', 0, 6, 0)
INSERT INTO [Holidays] ([Id], [HolidayDate], [Reason], [IsHalfDay], [LocationId], [Deactivated]) VALUES (78, N'2020-02-21 00:00:00', N'Mahashivratri', 0, 6, 0)
INSERT INTO [Holidays] ([Id], [HolidayDate], [Reason], [IsHalfDay], [LocationId], [Deactivated]) VALUES (79, N'2020-03-10 00:00:00', N'Holi', 0, 6, 0)
INSERT INTO [Holidays] ([Id], [HolidayDate], [Reason], [IsHalfDay], [LocationId], [Deactivated]) VALUES (80, N'2020-03-13 00:00:00', N'Rang-Panchami', 0, 6, 0)
INSERT INTO [Holidays] ([Id], [HolidayDate], [Reason], [IsHalfDay], [LocationId], [Deactivated]) VALUES (81, N'2020-04-10 00:00:00', N'Good Friday', 0, 6, 0)
INSERT INTO [Holidays] ([Id], [HolidayDate], [Reason], [IsHalfDay], [LocationId], [Deactivated]) VALUES (82, N'2020-05-01 00:00:00', N'Labour Day', 0, 6, 0)
INSERT INTO [Holidays] ([Id], [HolidayDate], [Reason], [IsHalfDay], [LocationId], [Deactivated]) VALUES (83, N'2020-05-25 00:00:00', N'Ramzan Eid', 0, 6, 0)
INSERT INTO [Holidays] ([Id], [HolidayDate], [Reason], [IsHalfDay], [LocationId], [Deactivated]) VALUES (84, N'2020-08-03 00:00:00', N'Rakshabandhan', 0, 6, 0)
INSERT INTO [Holidays] ([Id], [HolidayDate], [Reason], [IsHalfDay], [LocationId], [Deactivated]) VALUES (85, N'2020-08-12 00:00:00', N'Krishna Janmashtami', 0, 6, 0)
INSERT INTO [Holidays] ([Id], [HolidayDate], [Reason], [IsHalfDay], [LocationId], [Deactivated]) VALUES (86, N'2020-10-02 00:00:00', N'Gandhi Jayanti', 0, 6, 0)
INSERT INTO [Holidays] ([Id], [HolidayDate], [Reason], [IsHalfDay], [LocationId], [Deactivated]) VALUES (87, N'2020-11-13 00:00:00', N'Diwali/ Dhanteras', 0, 6, 0)
INSERT INTO [Holidays] ([Id], [HolidayDate], [Reason], [IsHalfDay], [LocationId], [Deactivated]) VALUES (88, N'2020-11-14 00:00:00', N'Diwali', 0, 6, 0)
INSERT INTO [Holidays] ([Id], [HolidayDate], [Reason], [IsHalfDay], [LocationId], [Deactivated]) VALUES (89, N'2020-11-16 00:00:00', N'Bhaiduj', 0, 6, 0)
INSERT INTO [Holidays] ([Id], [HolidayDate], [Reason], [IsHalfDay], [LocationId], [Deactivated]) VALUES (90, N'2020-12-25 00:00:00', N'Christmas', 0, 6, 0)
INSERT INTO [Holidays] ([Id], [HolidayDate], [Reason], [IsHalfDay], [LocationId], [Deactivated]) VALUES (91, N'2020-01-01 00:00:00', N'New Year', 0, 7, 0)
INSERT INTO [Holidays] ([Id], [HolidayDate], [Reason], [IsHalfDay], [LocationId], [Deactivated]) VALUES (92, N'2020-01-15 00:00:00', N'Makar Sankranti', 0, 7, 0)
INSERT INTO [Holidays] ([Id], [HolidayDate], [Reason], [IsHalfDay], [LocationId], [Deactivated]) VALUES (93, N'2020-01-30 00:00:00', N'Saraswati Puja', 0, 7, 0)
INSERT INTO [Holidays] ([Id], [HolidayDate], [Reason], [IsHalfDay], [LocationId], [Deactivated]) VALUES (94, N'2020-02-21 00:00:00', N'Mahashivratri', 0, 7, 0)
INSERT INTO [Holidays] ([Id], [HolidayDate], [Reason], [IsHalfDay], [LocationId], [Deactivated]) VALUES (95, N'2020-03-10 00:00:00', N'Holi', 0, 7, 0)
INSERT INTO [Holidays] ([Id], [HolidayDate], [Reason], [IsHalfDay], [LocationId], [Deactivated]) VALUES (96, N'2020-04-10 00:00:00', N'Good Friday', 0, 7, 0)
INSERT INTO [Holidays] ([Id], [HolidayDate], [Reason], [IsHalfDay], [LocationId], [Deactivated]) VALUES (97, N'2020-05-01 00:00:00', N'Labour Day', 0, 7, 0)
INSERT INTO [Holidays] ([Id], [HolidayDate], [Reason], [IsHalfDay], [LocationId], [Deactivated]) VALUES (98, N'2020-05-25 00:00:00', N'Ramzan Eid', 0, 7, 0)
INSERT INTO [Holidays] ([Id], [HolidayDate], [Reason], [IsHalfDay], [LocationId], [Deactivated]) VALUES (99, N'2020-06-23 00:00:00', N'Ratha Yatra', 0, 7, 0)
INSERT INTO [Holidays] ([Id], [HolidayDate], [Reason], [IsHalfDay], [LocationId], [Deactivated]) VALUES (100, N'2020-08-03 00:00:00', N'Rakshabandhan', 0, 7, 0)
INSERT INTO [Holidays] ([Id], [HolidayDate], [Reason], [IsHalfDay], [LocationId], [Deactivated]) VALUES (101, N'2020-08-15 00:00:00', N'Independence Day', 0, 7, 0)
INSERT INTO [Holidays] ([Id], [HolidayDate], [Reason], [IsHalfDay], [LocationId], [Deactivated]) VALUES (102, N'2020-10-02 00:00:00', N'Gandhi Jayanti', 0, 7, 0)
INSERT INTO [Holidays] ([Id], [HolidayDate], [Reason], [IsHalfDay], [LocationId], [Deactivated]) VALUES (103, N'2020-10-26 00:00:00', N'Durga Puja', 0, 7, 0)
INSERT INTO [Holidays] ([Id], [HolidayDate], [Reason], [IsHalfDay], [LocationId], [Deactivated]) VALUES (104, N'2020-11-13 00:00:00', N'Diwali/ Dhanteras', 0, 7, 0)
INSERT INTO [Holidays] ([Id], [HolidayDate], [Reason], [IsHalfDay], [LocationId], [Deactivated]) VALUES (105, N'2020-12-25 00:00:00', N'Christmas', 0, 7, 0)
INSERT INTO [Holidays] ([Id], [HolidayDate], [Reason], [IsHalfDay], [LocationId], [Deactivated]) VALUES (106, N'2020-01-01 00:00:00', N'New Year', 0, 8, 0)
INSERT INTO [Holidays] ([Id], [HolidayDate], [Reason], [IsHalfDay], [LocationId], [Deactivated]) VALUES (107, N'2020-02-21 00:00:00', N'Mahashivratri', 0, 8, 0)
INSERT INTO [Holidays] ([Id], [HolidayDate], [Reason], [IsHalfDay], [LocationId], [Deactivated]) VALUES (108, N'2020-03-09 00:00:00', N'Doljatra', 0, 8, 0)
INSERT INTO [Holidays] ([Id], [HolidayDate], [Reason], [IsHalfDay], [LocationId], [Deactivated]) VALUES (109, N'2020-03-10 00:00:00', N'Holi', 0, 8, 0)
INSERT INTO [Holidays] ([Id], [HolidayDate], [Reason], [IsHalfDay], [LocationId], [Deactivated]) VALUES (110, N'2020-04-10 00:00:00', N'Good Friday', 0, 8, 0)
INSERT INTO [Holidays] ([Id], [HolidayDate], [Reason], [IsHalfDay], [LocationId], [Deactivated]) VALUES (111, N'2020-05-01 00:00:00', N'Labour Day', 0, 8, 0)
INSERT INTO [Holidays] ([Id], [HolidayDate], [Reason], [IsHalfDay], [LocationId], [Deactivated]) VALUES (112, N'2020-05-25 00:00:00', N'Ramzan Eid', 0, 8, 0)
INSERT INTO [Holidays] ([Id], [HolidayDate], [Reason], [IsHalfDay], [LocationId], [Deactivated]) VALUES (113, N'2020-08-03 00:00:00', N'Rakshabandhan', 0, 8, 0)
INSERT INTO [Holidays] ([Id], [HolidayDate], [Reason], [IsHalfDay], [LocationId], [Deactivated]) VALUES (114, N'2020-10-02 00:00:00', N'Gandhi Jayanti', 0, 8, 0)
INSERT INTO [Holidays] ([Id], [HolidayDate], [Reason], [IsHalfDay], [LocationId], [Deactivated]) VALUES (115, N'2020-10-23 00:00:00', N'Maha Saptami', 0, 8, 0)
INSERT INTO [Holidays] ([Id], [HolidayDate], [Reason], [IsHalfDay], [LocationId], [Deactivated]) VALUES (116, N'2020-10-24 00:00:00', N'Maha Ashtami', 0, 8, 0)
INSERT INTO [Holidays] ([Id], [HolidayDate], [Reason], [IsHalfDay], [LocationId], [Deactivated]) VALUES (117, N'2020-10-26 00:00:00', N'Vijayadashami', 0, 8, 0)
INSERT INTO [Holidays] ([Id], [HolidayDate], [Reason], [IsHalfDay], [LocationId], [Deactivated]) VALUES (118, N'2020-11-13 00:00:00', N'Diwali/ Dhanteras', 0, 8, 0)
INSERT INTO [Holidays] ([Id], [HolidayDate], [Reason], [IsHalfDay], [LocationId], [Deactivated]) VALUES (119, N'2020-11-14 00:00:00', N'Diwali', 0, 8, 0)
INSERT INTO [Holidays] ([Id], [HolidayDate], [Reason], [IsHalfDay], [LocationId], [Deactivated]) VALUES (120, N'2020-12-25 00:00:00', N'Christmas', 0, 8, 0)
INSERT INTO [Holidays] ([Id], [HolidayDate], [Reason], [IsHalfDay], [LocationId], [Deactivated]) VALUES (121, N'2020-01-01 00:00:00', N'New Year', 0, 9, 0)
INSERT INTO [Holidays] ([Id], [HolidayDate], [Reason], [IsHalfDay], [LocationId], [Deactivated]) VALUES (122, N'2020-01-15 00:00:00', N'Pongal', 0, 9, 0)
INSERT INTO [Holidays] ([Id], [HolidayDate], [Reason], [IsHalfDay], [LocationId], [Deactivated]) VALUES (123, N'2020-01-16 00:00:00', N'Thiruvalluvar Day', 0, 9, 0)
INSERT INTO [Holidays] ([Id], [HolidayDate], [Reason], [IsHalfDay], [LocationId], [Deactivated]) VALUES (124, N'2020-01-17 00:00:00', N'Uzhavar Tirunal', 0, 9, 0)
INSERT INTO [Holidays] ([Id], [HolidayDate], [Reason], [IsHalfDay], [LocationId], [Deactivated]) VALUES (125, N'2020-02-21 00:00:00', N'Mahashivratri', 0, 9, 0)
INSERT INTO [Holidays] ([Id], [HolidayDate], [Reason], [IsHalfDay], [LocationId], [Deactivated]) VALUES (126, N'2020-03-10 00:00:00', N'Holi', 0, 9, 0)
INSERT INTO [Holidays] ([Id], [HolidayDate], [Reason], [IsHalfDay], [LocationId], [Deactivated]) VALUES (127, N'2020-04-10 00:00:00', N'Good Friday', 0, 9, 0)
INSERT INTO [Holidays] ([Id], [HolidayDate], [Reason], [IsHalfDay], [LocationId], [Deactivated]) VALUES (128, N'2020-04-14 00:00:00', N'Tamil New Year', 0, 9, 0)
INSERT INTO [Holidays] ([Id], [HolidayDate], [Reason], [IsHalfDay], [LocationId], [Deactivated]) VALUES (129, N'2020-05-01 00:00:00', N'Labour Day', 0, 9, 0)
INSERT INTO [Holidays] ([Id], [HolidayDate], [Reason], [IsHalfDay], [LocationId], [Deactivated]) VALUES (130, N'2020-05-25 00:00:00', N'Ramzan Eid', 0, 9, 0)
INSERT INTO [Holidays] ([Id], [HolidayDate], [Reason], [IsHalfDay], [LocationId], [Deactivated]) VALUES (131, N'2020-08-03 00:00:00', N'Rakshabandhan', 0, 9, 0)
INSERT INTO [Holidays] ([Id], [HolidayDate], [Reason], [IsHalfDay], [LocationId], [Deactivated]) VALUES (132, N'2020-08-22 00:00:00', N'Ganesh Chaturthi', 0, 9, 0)
INSERT INTO [Holidays] ([Id], [HolidayDate], [Reason], [IsHalfDay], [LocationId], [Deactivated]) VALUES (133, N'2020-10-02 00:00:00', N'Gandhi Jayanti', 0, 9, 0)
INSERT INTO [Holidays] ([Id], [HolidayDate], [Reason], [IsHalfDay], [LocationId], [Deactivated]) VALUES (134, N'2020-11-13 00:00:00', N'Diwali/ Dhanteras', 0, 9, 0)
INSERT INTO [Holidays] ([Id], [HolidayDate], [Reason], [IsHalfDay], [LocationId], [Deactivated]) VALUES (135, N'2020-12-25 00:00:00', N'Christmas', 0, 9, 0)
INSERT INTO [Holidays] ([Id], [HolidayDate], [Reason], [IsHalfDay], [LocationId], [Deactivated]) VALUES (136, N'2020-01-01 00:00:00', N'New Year', 0, 10, 0)
INSERT INTO [Holidays] ([Id], [HolidayDate], [Reason], [IsHalfDay], [LocationId], [Deactivated]) VALUES (137, N'2020-01-15 00:00:00', N'Makarsankranti', 0, 10, 0)
INSERT INTO [Holidays] ([Id], [HolidayDate], [Reason], [IsHalfDay], [LocationId], [Deactivated]) VALUES (138, N'2020-01-16 00:00:00', N'Kanuma', 0, 10, 0)
INSERT INTO [Holidays] ([Id], [HolidayDate], [Reason], [IsHalfDay], [LocationId], [Deactivated]) VALUES (139, N'2020-02-21 00:00:00', N'Mahashivratri', 0, 10, 0)
INSERT INTO [Holidays] ([Id], [HolidayDate], [Reason], [IsHalfDay], [LocationId], [Deactivated]) VALUES (140, N'2020-03-10 00:00:00', N'Holi', 0, 10, 0)
INSERT INTO [Holidays] ([Id], [HolidayDate], [Reason], [IsHalfDay], [LocationId], [Deactivated]) VALUES (141, N'2020-03-25 00:00:00', N'Ugadi', 0, 10, 0)
INSERT INTO [Holidays] ([Id], [HolidayDate], [Reason], [IsHalfDay], [LocationId], [Deactivated]) VALUES (142, N'2020-04-10 00:00:00', N'Good Friday', 0, 10, 0)
INSERT INTO [Holidays] ([Id], [HolidayDate], [Reason], [IsHalfDay], [LocationId], [Deactivated]) VALUES (143, N'2020-05-01 00:00:00', N'Labour Day', 0, 10, 0)
INSERT INTO [Holidays] ([Id], [HolidayDate], [Reason], [IsHalfDay], [LocationId], [Deactivated]) VALUES (144, N'2020-05-25 00:00:00', N'Ramzan Eid', 0, 10, 0)
INSERT INTO [Holidays] ([Id], [HolidayDate], [Reason], [IsHalfDay], [LocationId], [Deactivated]) VALUES (145, N'2020-08-03 00:00:00', N'Rakshabandhan', 0, 10, 0)
INSERT INTO [Holidays] ([Id], [HolidayDate], [Reason], [IsHalfDay], [LocationId], [Deactivated]) VALUES (146, N'2020-08-15 00:00:00', N'Independance Day', 0, 10, 0)
INSERT INTO [Holidays] ([Id], [HolidayDate], [Reason], [IsHalfDay], [LocationId], [Deactivated]) VALUES (147, N'2020-10-02 00:00:00', N'Gandhi Jayanti', 0, 10, 0)
INSERT INTO [Holidays] ([Id], [HolidayDate], [Reason], [IsHalfDay], [LocationId], [Deactivated]) VALUES (148, N'2020-11-13 00:00:00', N'Diwali/ Dhanteras', 0, 10, 0)
INSERT INTO [Holidays] ([Id], [HolidayDate], [Reason], [IsHalfDay], [LocationId], [Deactivated]) VALUES (149, N'2020-11-14 00:00:00', N'Diwali', 0, 10, 0)
INSERT INTO [Holidays] ([Id], [HolidayDate], [Reason], [IsHalfDay], [LocationId], [Deactivated]) VALUES (150, N'2020-12-25 00:00:00', N'Christmas', 0, 10, 0)
SET IDENTITY_INSERT [Holidays] OFF

SET IDENTITY_INSERT [EmailNotificationConfiguration] ON
INSERT INTO [EmailNotificationConfiguration] ([Id], [Type], [Name], [TemplatePathText], [TemplatePathHtml], [SubjectLine], [Receiver]) VALUES (1, N'Advance', N'Submitted', NULL, N'Advance_Submitted_TO_Employee', N'Notification', N'Employee')
INSERT INTO [EmailNotificationConfiguration] ([Id], [Type], [Name], [TemplatePathText], [TemplatePathHtml], [SubjectLine], [Receiver]) VALUES (2, N'Advance', N'Submitted', NULL, N'Advance_Submitted_TO_Manager', N'Notification', N'ForActionOf')
INSERT INTO [EmailNotificationConfiguration] ([Id], [Type], [Name], [TemplatePathText], [TemplatePathHtml], [SubjectLine], [Receiver]) VALUES (3, N'Advance', N'Reminder', NULL, N'Advance_Reminder_TO_ActionOf', N'Notification', N'ForActionOf')
INSERT INTO [EmailNotificationConfiguration] ([Id], [Type], [Name], [TemplatePathText], [TemplatePathHtml], [SubjectLine], [Receiver]) VALUES (4, N'Advance', N'Reminder Final', NULL, N'Advance_FinalReminder_TO_ActionOf', N'Notification', N'ForActionOf')
INSERT INTO [EmailNotificationConfiguration] ([Id], [Type], [Name], [TemplatePathText], [TemplatePathHtml], [SubjectLine], [Receiver]) VALUES (5, N'Advance', N'Rejected', NULL, N'Advance_Rejected_TO_Employee', N'Notification', N'Employee')
INSERT INTO [EmailNotificationConfiguration] ([Id], [Type], [Name], [TemplatePathText], [TemplatePathHtml], [SubjectLine], [Receiver]) VALUES (6, N'Advance', N'Rejected', NULL, N'Advance_Rejected_TO_Manager', N'Notification', N'ForActionOf')
INSERT INTO [EmailNotificationConfiguration] ([Id], [Type], [Name], [TemplatePathText], [TemplatePathHtml], [SubjectLine], [Receiver]) VALUES (7, N'Advance', N'Approved Escalated', NULL, N'Advance_ApprovedEscalated_TO_Employee', N'Notification', N'Employee')
INSERT INTO [EmailNotificationConfiguration] ([Id], [Type], [Name], [TemplatePathText], [TemplatePathHtml], [SubjectLine], [Receiver]) VALUES (8, N'Advance', N'Approved Escalated', NULL, N'Advance_ApprovedEscalated_TO_ForAction', N'Notification', N'ForActionOf')
INSERT INTO [EmailNotificationConfiguration] ([Id], [Type], [Name], [TemplatePathText], [TemplatePathHtml], [SubjectLine], [Receiver]) VALUES (9, N'Advance', N'Approved', NULL, N'Advance_Approved_TO_Employee', N'Notification', N'Employee')
INSERT INTO [EmailNotificationConfiguration] ([Id], [Type], [Name], [TemplatePathText], [TemplatePathHtml], [SubjectLine], [Receiver]) VALUES (10, N'Advance', N'Approved', NULL, N'Advance_Approved_TO_Manager', N'Notification', N'Manager')
INSERT INTO [EmailNotificationConfiguration] ([Id], [Type], [Name], [TemplatePathText], [TemplatePathHtml], [SubjectLine], [Receiver]) VALUES (11, N'Advance', N'Paid', NULL, N'Advance_Paid_TO_Employee', N'Notification', N'Employee')
INSERT INTO [EmailNotificationConfiguration] ([Id], [Type], [Name], [TemplatePathText], [TemplatePathHtml], [SubjectLine], [Receiver]) VALUES (12, N'Advance', N'Paid', NULL, N'Advance_Paid_TO_Manager', N'Notification', N'Manager')
INSERT INTO [EmailNotificationConfiguration] ([Id], [Type], [Name], [TemplatePathText], [TemplatePathHtml], [SubjectLine], [Receiver]) VALUES (13, N'Expense', N'Submitted', NULL, N'Expense_Submitted_TO_Employee', N'Notification', N'Employee')
INSERT INTO [EmailNotificationConfiguration] ([Id], [Type], [Name], [TemplatePathText], [TemplatePathHtml], [SubjectLine], [Receiver]) VALUES (14, N'Expense', N'Submitted', NULL, N'Expense_Submitted_TO_Manager', N'Notification', N'ForActionOf')
INSERT INTO [EmailNotificationConfiguration] ([Id], [Type], [Name], [TemplatePathText], [TemplatePathHtml], [SubjectLine], [Receiver]) VALUES (15, N'Expense', N'Rejected', NULL, N'Expense_Rejected_TO_Employee', N'Notification', N'Employee')
INSERT INTO [EmailNotificationConfiguration] ([Id], [Type], [Name], [TemplatePathText], [TemplatePathHtml], [SubjectLine], [Receiver]) VALUES (16, N'Expense', N'Rejected', NULL, N'Expense_Rejected_TO_Manager', N'Notification', N'ForActionOf')
INSERT INTO [EmailNotificationConfiguration] ([Id], [Type], [Name], [TemplatePathText], [TemplatePathHtml], [SubjectLine], [Receiver]) VALUES (17, N'Expense', N'Approved Escalated', NULL, N'Expense_ApprovedEscalated_TO_Manager', N'Notification', N'Manager')
INSERT INTO [EmailNotificationConfiguration] ([Id], [Type], [Name], [TemplatePathText], [TemplatePathHtml], [SubjectLine], [Receiver]) VALUES (18, N'Expense', N'Approved Escalated', NULL, N'Expense_ApprovedEscalated_TO_ActionOf', N'Notification', N'ForActionOf')
INSERT INTO [EmailNotificationConfiguration] ([Id], [Type], [Name], [TemplatePathText], [TemplatePathHtml], [SubjectLine], [Receiver]) VALUES (19, N'Expense', N'Approved', NULL, N'Expense_Approved_TO_Employee', N'Notification', N'Employee')
INSERT INTO [EmailNotificationConfiguration] ([Id], [Type], [Name], [TemplatePathText], [TemplatePathHtml], [SubjectLine], [Receiver]) VALUES (20, N'Expense', N'Approved', NULL, N'Expense_Approved_TO_Manager', N'Notification', N'Manager')
INSERT INTO [EmailNotificationConfiguration] ([Id], [Type], [Name], [TemplatePathText], [TemplatePathHtml], [SubjectLine], [Receiver]) VALUES (21, N'Expense', N'Paid', NULL, N'Expense_Paid_TO_Employee', N'Notification', N'Employee')
INSERT INTO [EmailNotificationConfiguration] ([Id], [Type], [Name], [TemplatePathText], [TemplatePathHtml], [SubjectLine], [Receiver]) VALUES (22, N'Expense', N'Paid', NULL, N'Expense_Paid_TO_Manager', N'Notification', N'Manager')
INSERT INTO [EmailNotificationConfiguration] ([Id], [Type], [Name], [TemplatePathText], [TemplatePathHtml], [SubjectLine], [Receiver]) VALUES (23, N'Leave', N'Submitted', NULL, N'Leave_Submitted_TO_Employee', N'Notification', N'Employee')
INSERT INTO [EmailNotificationConfiguration] ([Id], [Type], [Name], [TemplatePathText], [TemplatePathHtml], [SubjectLine], [Receiver]) VALUES (24, N'Leave', N'Submitted', NULL, N'Leave_Submitted_TO_Manager', N'Notification', N'Manager')
INSERT INTO [EmailNotificationConfiguration] ([Id], [Type], [Name], [TemplatePathText], [TemplatePathHtml], [SubjectLine], [Receiver]) VALUES (25, N'Leave', N'Submitted_Maternity', NULL, N'Leave_Submitted_Maternity_TO_Employee', N'Notification', N'Employee')
INSERT INTO [EmailNotificationConfiguration] ([Id], [Type], [Name], [TemplatePathText], [TemplatePathHtml], [SubjectLine], [Receiver]) VALUES (26, N'Leave', N'Submitted_LWP', NULL, N'Leave_Submitted_LWP_TO_Employee', N'Notification', N'Employee')
INSERT INTO [EmailNotificationConfiguration] ([Id], [Type], [Name], [TemplatePathText], [TemplatePathHtml], [SubjectLine], [Receiver]) VALUES (27, N'Leave', N'Reminder', NULL, N'Leave_Reminder_TO_Manager', N'Notification', N'Manager')
INSERT INTO [EmailNotificationConfiguration] ([Id], [Type], [Name], [TemplatePathText], [TemplatePathHtml], [SubjectLine], [Receiver]) VALUES (28, N'Leave', N'Reminder_Maternity', NULL, N'Leave_ToReportingManagerOnActionOfMaternityLeaveEmailTemplate', N'Notification', N'Manager')
INSERT INTO [EmailNotificationConfiguration] ([Id], [Type], [Name], [TemplatePathText], [TemplatePathHtml], [SubjectLine], [Receiver]) VALUES (29, N'Leave', N'Reminder_LWP', NULL, N'Leave_ToReportingManagerOnActionForLWPEmailTemplate', N'Notification', N'Manager')
INSERT INTO [EmailNotificationConfiguration] ([Id], [Type], [Name], [TemplatePathText], [TemplatePathHtml], [SubjectLine], [Receiver]) VALUES (30, N'Leave', N'Rejected', NULL, N'Leave_Rejected_TO_Employee', N'Notification', N'Employee')
INSERT INTO [EmailNotificationConfiguration] ([Id], [Type], [Name], [TemplatePathText], [TemplatePathHtml], [SubjectLine], [Receiver]) VALUES (31, N'Leave', N'Rejected_LWP', NULL, N'Leave_Rejected_LWP_TO_Coordinator', N'Notification', N'SubmittedBy')
INSERT INTO [EmailNotificationConfiguration] ([Id], [Type], [Name], [TemplatePathText], [TemplatePathHtml], [SubjectLine], [Receiver]) VALUES (32, N'Leave', N'Rejected', NULL, N'Leave_Rejected_TO_HR', N'Notification', N'HR')
INSERT INTO [EmailNotificationConfiguration] ([Id], [Type], [Name], [TemplatePathText], [TemplatePathHtml], [SubjectLine], [Receiver]) VALUES (33, N'Leave', N'Rejected', NULL, N'Leave_Rejected_TO_Manager', N'Notification', N'Manager')
INSERT INTO [EmailNotificationConfiguration] ([Id], [Type], [Name], [TemplatePathText], [TemplatePathHtml], [SubjectLine], [Receiver]) VALUES (34, N'Leave', N'Approved_LWP', NULL, N'Leave_Approved_LWP_TO_Employee', N'Notification', N'Employee')
INSERT INTO [EmailNotificationConfiguration] ([Id], [Type], [Name], [TemplatePathText], [TemplatePathHtml], [SubjectLine], [Receiver]) VALUES (35, N'Leave', N'Approved_Maternity', NULL, N'Leave_Approved_Maternity_TO_Employee', N'Notification', N'Employee')
INSERT INTO [EmailNotificationConfiguration] ([Id], [Type], [Name], [TemplatePathText], [TemplatePathHtml], [SubjectLine], [Receiver]) VALUES (36, N'Leave', N'Approved_LWP', NULL, N'Leave_Approved_LWP_TO_HR', N'Notification', N'HR')
INSERT INTO [EmailNotificationConfiguration] ([Id], [Type], [Name], [TemplatePathText], [TemplatePathHtml], [SubjectLine], [Receiver]) VALUES (37, N'Leave', N'Approved_LWP', NULL, N'Leave_Approved_LWP_TO_Manager', N'Notification', N'Manager')
INSERT INTO [EmailNotificationConfiguration] ([Id], [Type], [Name], [TemplatePathText], [TemplatePathHtml], [SubjectLine], [Receiver]) VALUES (38, N'Timesheet', N'Submitted', NULL, N'Timesheet_Submitted_TO_Manager', N'Notification', N'Manager')
INSERT INTO [EmailNotificationConfiguration] ([Id], [Type], [Name], [TemplatePathText], [TemplatePathHtml], [SubjectLine], [Receiver]) VALUES (39, N'Timesheet', N'Reminder', NULL, N'Timesheet_Reminder_TO_Manager', N'Notification', N'Manager')
INSERT INTO [EmailNotificationConfiguration] ([Id], [Type], [Name], [TemplatePathText], [TemplatePathHtml], [SubjectLine], [Receiver]) VALUES (40, N'Timesheet', N'Reminder Final', NULL, N'Timesheet_FinalReminder_TO_Manager', N'Notification', N'Manager')
INSERT INTO [EmailNotificationConfiguration] ([Id], [Type], [Name], [TemplatePathText], [TemplatePathHtml], [SubjectLine], [Receiver]) VALUES (41, N'Timesheet', N'Rejected', NULL, N'Timesheet_Rejected_TO_Coordinator', N'Notification', N'SubmittedBy')
INSERT INTO [EmailNotificationConfiguration] ([Id], [Type], [Name], [TemplatePathText], [TemplatePathHtml], [SubjectLine], [Receiver]) VALUES (42, N'Timesheet', N'Approved', NULL, N'Timesheet_Approved_TO_Coordinator', N'Notification', N'SubmittedBy')
INSERT INTO [EmailNotificationConfiguration] ([Id], [Type], [Name], [TemplatePathText], [TemplatePathHtml], [SubjectLine], [Receiver]) VALUES (43, N'Timesheet', N'Approved', NULL, N'Timesheet_Approved_TO_HR', N'Notification', N'HR')
INSERT INTO [EmailNotificationConfiguration] ([Id], [Type], [Name], [TemplatePathText], [TemplatePathHtml], [SubjectLine], [Receiver]) VALUES (44, N'Timesheet', N'Approved', NULL, N'Timesheet_Approved_TO_Manager', N'Notification', N'Manager')
INSERT INTO [EmailNotificationConfiguration] ([Id], [Type], [Name], [TemplatePathText], [TemplatePathHtml], [SubjectLine], [Receiver]) VALUES (45, N'Leave', N'Submitted_LWP', NULL, N'Leave_Submitted_LWP_TO_Manager', N'Notification', N'Manager')
INSERT INTO [EmailNotificationConfiguration] ([Id], [Type], [Name], [TemplatePathText], [TemplatePathHtml], [SubjectLine], [Receiver]) VALUES (46, N'Leave', N'Rejected_LWP', NULL, N'Leave_Rejected_LWP_TO_Manager', N'Notification', N'Manager')
INSERT INTO [EmailNotificationConfiguration] ([Id], [Type], [Name], [TemplatePathText], [TemplatePathHtml], [SubjectLine], [Receiver]) VALUES (47, N'Leave', N'Rejected_LWP', NULL, N'Leave_Rejected_LWP_TO_HR', N'Notification', N'HR')
INSERT INTO [EmailNotificationConfiguration] ([Id], [Type], [Name], [TemplatePathText], [TemplatePathHtml], [SubjectLine], [Receiver]) VALUES (48, N'Leave', N'Submitted_Maternity', NULL, N'Leave_Submitted_Maternity_TO_Manager', N'Notification', N'Manager')
INSERT INTO [EmailNotificationConfiguration] ([Id], [Type], [Name], [TemplatePathText], [TemplatePathHtml], [SubjectLine], [Receiver]) VALUES (49, N'Leave', N'Approved', NULL, N'Leave_Approved_TO_Employee', N'Notification', N'Employee')
INSERT INTO [EmailNotificationConfiguration] ([Id], [Type], [Name], [TemplatePathText], [TemplatePathHtml], [SubjectLine], [Receiver]) VALUES (50, N'Leave', N'Submitted_MISSION', NULL, N'Leave_submitted_MISSION_To_Employee', N'Notification', N'Employee')
INSERT INTO [EmailNotificationConfiguration] ([Id], [Type], [Name], [TemplatePathText], [TemplatePathHtml], [SubjectLine], [Receiver]) VALUES (51, N'Leave', N'Submitted_MISSION', NULL, N'Leave_submitted_MISSION_To_Manager', N'Notification', N'Manager')
INSERT INTO [EmailNotificationConfiguration] ([Id], [Type], [Name], [TemplatePathText], [TemplatePathHtml], [SubjectLine], [Receiver]) VALUES (52, N'Leave', N'Approved_MISSION', NULL, N'Leave_Approved_On_Mission_TO_Employee', N'Notification', N'Employee')
INSERT INTO [EmailNotificationConfiguration] ([Id], [Type], [Name], [TemplatePathText], [TemplatePathHtml], [SubjectLine], [Receiver]) VALUES (53, N'Leave', N'Approved_MISSION', NULL, N'Leave_Approved_On_Mission_TO_HR', N'Notification', N'HR')
INSERT INTO [EmailNotificationConfiguration] ([Id], [Type], [Name], [TemplatePathText], [TemplatePathHtml], [SubjectLine], [Receiver]) VALUES (54, N'Leave', N'Approved_MISSION', NULL, N'Leave_Approved_On_Mission_TO_Manager', N'Notification', N'Manager')
INSERT INTO [EmailNotificationConfiguration] ([Id], [Type], [Name], [TemplatePathText], [TemplatePathHtml], [SubjectLine], [Receiver]) VALUES (55, N'Leave', N'Rejected_MISSION', NULL, N'Leave_Rejected_ON_MISSION_TO_Employee', N'Notification', N'Employee')
INSERT INTO [EmailNotificationConfiguration] ([Id], [Type], [Name], [TemplatePathText], [TemplatePathHtml], [SubjectLine], [Receiver]) VALUES (56, N'Leave', N'Rejected_MISSION', NULL, N'Leave_Rejected_ON_MISSION_TO_Manager', N'Notification', N'Manager')
INSERT INTO [EmailNotificationConfiguration] ([Id], [Type], [Name], [TemplatePathText], [TemplatePathHtml], [SubjectLine], [Receiver]) VALUES (57, N'Leave', N'Rejected_MISSION', NULL, N'Leave_Rejected_ON_MISSION_TO_HR', N'Notification', N'HR')
INSERT INTO [EmailNotificationConfiguration] ([Id], [Type], [Name], [TemplatePathText], [TemplatePathHtml], [SubjectLine], [Receiver]) VALUES (58, N'Leave', N'Approved_Maternity', NULL, N'Leave_Approved_Maternity_TO_HR', N'Notification', N'HR')
INSERT INTO [EmailNotificationConfiguration] ([Id], [Type], [Name], [TemplatePathText], [TemplatePathHtml], [SubjectLine], [Receiver]) VALUES (59, N'Leave', N'Reminder Final', NULL, N'Leave_FinalReminder_TO_Manager', N'Notification', N'Manager')
INSERT INTO [EmailNotificationConfiguration] ([Id], [Type], [Name], [TemplatePathText], [TemplatePathHtml], [SubjectLine], [Receiver]) VALUES (60, N'Leave', N'Cancelled', NULL, N'Leave_Cancelled_to_Employee', N'Notification', N'Employee')
INSERT INTO [EmailNotificationConfiguration] ([Id], [Type], [Name], [TemplatePathText], [TemplatePathHtml], [SubjectLine], [Receiver]) VALUES (61, N'Leave', N'Cancelled', NULL, N'Leave_Cancelled_to_HR', N'Notification', N'HR')
INSERT INTO [EmailNotificationConfiguration] ([Id], [Type], [Name], [TemplatePathText], [TemplatePathHtml], [SubjectLine], [Receiver]) VALUES (62, N'Leave', N'Cancelled', NULL, N'Leave_Cancelled_to_Manager', N'Notification', N'Manager')
INSERT INTO [EmailNotificationConfiguration] ([Id], [Type], [Name], [TemplatePathText], [TemplatePathHtml], [SubjectLine], [Receiver]) VALUES (63, N'Leave', N'Reminder Final', NULL, N'Leave_FinalReminder_TO_Manager', N'Notification', N'Manager')
INSERT INTO [EmailNotificationConfiguration] ([Id], [Type], [Name], [TemplatePathText], [TemplatePathHtml], [SubjectLine], [Receiver]) VALUES (64, N'Expense', N'Finance Expense Reminder', NULL, N'Expense_Reminder_Payment_TO_Finance', N'Notification', N'Finance')
INSERT INTO [EmailNotificationConfiguration] ([Id], [Type], [Name], [TemplatePathText], [TemplatePathHtml], [SubjectLine], [Receiver]) VALUES (65, N'Advance', N'Finance Advance Reminder', NULL, N'Advance_Reminder_Payment_TO_Finance', N'Notification', N'Finance')
INSERT INTO [EmailNotificationConfiguration] ([Id], [Type], [Name], [TemplatePathText], [TemplatePathHtml], [SubjectLine], [Receiver]) VALUES (66, N'Expense', N'Expense Document Submission Reminder', NULL, N'Expense_Reminder_Supporting_TO_Employee', N'Notification', N'Employee')
SET IDENTITY_INSERT [EmailNotificationConfiguration] OFF


